<?xml version="1.0"?>
<doc>
    <assembly>
        <name>CANAPE.Scripting</name>
    </assembly>
    <members>
        <member name="T:CANAPE.Scripting.AssemblyNameList">
            <summary>
            This is a list class which is used to better serialize assembly names, default causes issues
            as AssemblyName gets deserialized very late for some reason.
            </summary>
        </member>
        <member name="T:CANAPE.Scripting.BaseDataEndpoint">
            <summary>
            Base endpoint class
            </summary>
        </member>
        <member name="M:CANAPE.Scripting.BaseDataEndpoint.Run(CANAPE.DataAdapters.IDataAdapter,CANAPE.Utils.Logger)">
            <summary>
            Run the endpoint
            </summary>
            <param name="adapter">The data adapter</param>
            <param name="logger">The logger to use</param>
        </member>
        <member name="P:CANAPE.Scripting.BaseDataEndpoint.Description">
            <summary>
            Description
            </summary>
        </member>
        <member name="P:CANAPE.Scripting.BaseDataEndpoint.Meta">
            <summary>
            The meta dictionary
            </summary>
        </member>
        <member name="P:CANAPE.Scripting.BaseDataEndpoint.GlobalMeta">
            <summary>
            The global meta
            </summary>
        </member>
        <member name="T:CANAPE.Scripting.BasePersistDataEndpoint`1">
            <summary>
            Base persist data endpoint with a single config type
            </summary>
            <typeparam name="T">The type of configuration</typeparam>
        </member>
        <member name="T:CANAPE.Scripting.BasePersistDataEndpointRef`2">
            <summary>
            BaseDataEndpoint with persistence
            </summary>
            <typeparam name="T">The type of configuration</typeparam>
            <typeparam name="R">The reference type accessible from the Config property</typeparam>
        </member>
        <member name="M:CANAPE.Scripting.BasePersistDataEndpointRef`2.Run(CANAPE.DataAdapters.IDataAdapter,CANAPE.Utils.Logger)">
            <summary>
            Run the endpoint
            </summary>
            <param name="adapter">The data adapter</param>
            <param name="logger">The logger to use</param>
        </member>
        <member name="P:CANAPE.Scripting.BasePersistDataEndpointRef`2.Description">
            <summary>
            Description
            </summary>
        </member>
        <member name="P:CANAPE.Scripting.BasePersistDataEndpointRef`2.Meta">
            <summary>
            The meta dictionary
            </summary>
        </member>
        <member name="P:CANAPE.Scripting.BasePersistDataEndpointRef`2.GlobalMeta">
            <summary>
            The global meta
            </summary>
        </member>
        <member name="T:CANAPE.Scripting.BasePersistDynamicNode`1">
            <summary>
            Base class for a persisting dynamic node
            </summary>
            <typeparam name="T">The configuration type</typeparam>
        </member>
        <member name="T:CANAPE.Scripting.BasePipelineNodeWithPersist`1">
            <summary>
            Base class for a pipeline node with persistance
            </summary>
            <typeparam name="T">The configuration types</typeparam>
        </member>
        <member name="M:CANAPE.Scripting.BasePipelineNodeWithPersist`1.#ctor">
            <summary>
            Protected constructor
            </summary>
        </member>
        <member name="F:CANAPE.Scripting.BasePipelineNodeWithPersist`1._config">
            <summary>
            The current config
            </summary>
        </member>
        <member name="P:CANAPE.Scripting.BasePipelineNodeWithPersist`1.Config">
            <summary>
            The current config
            </summary>
        </member>
        <member name="M:CANAPE.Scripting.BasePipelineNodeWithPersist`1.ValidateConfig(`0)">
            <summary>
            Overridable method to validate config, should throw an ArgumentException if invalid
            </summary>
            <param name="config">The config</param>
        </member>
        <member name="M:CANAPE.Scripting.BasePipelineNodeWithPersist`1.GetState(CANAPE.Utils.Logger)">
            <summary>
            Get the current state
            </summary>
            <param name="logger"></param>
            <returns>The state object</returns>
        </member>
        <member name="M:CANAPE.Scripting.BasePipelineNodeWithPersist`1.SetState(System.Object,CANAPE.Utils.Logger)">
            <summary>
            Set the current state
            </summary>
            <param name="state">The state object</param>
            <param name="logger"></param>
        </member>
        <member name="T:CANAPE.Scripting.AssemblyScriptEngine">
            <summary>
            A script engine to contain an assembly reference
            </summary>    
        </member>
        <member name="F:CANAPE.Scripting.AssemblyScriptEngine._assembly">
            <summary>
            The associated assembly for the script engine
            </summary>
        </member>
        <member name="M:CANAPE.Scripting.AssemblyScriptEngine.Parse(CANAPE.Scripting.ScriptContainer)">
            <summary>
            Load an assembly
            </summary>
            <param name="container">The script container, the script value indicates the assembly name</param>
            <returns></returns>
        </member>
        <member name="M:CANAPE.Scripting.AssemblyScriptEngine.GetInstance(System.String)">
            <summary>
            
            </summary>
            <param name="classname"></param>
            <returns></returns>
        </member>
        <member name="M:CANAPE.Scripting.AssemblyScriptEngine.GenerateCode(System.CodeDom.CodeCompileUnit)">
            <summary>
            
            </summary>
            <param name="unit"></param>
            <returns></returns>
        </member>
        <member name="M:CANAPE.Scripting.AssemblyScriptEngine.GetTypes(System.Type[])">
            <summary>
            Get the types in this script engine
            </summary>
            <param name="types">List of types to find, if empty will return default types</param>
            <remarks>Note that the list of types could be ignored by the script engine</remarks>
            <returns></returns>
        </member>
        <member name="M:CANAPE.Scripting.AssemblyScriptEngine.GetInstance(System.String,System.Object[])">
            <summary>
            Get an instance from this script engine with arguments
            </summary>
            <param name="classname">The class name to create</param>
            <param name="args">The constructor arguments</param>
            <returns>An instance of the object, null if failed</returns>
        </member>
        <member name="M:CANAPE.Scripting.AssemblyScriptEngine.Invoke(System.String,System.String,System.Object[])">
            <summary>
            Invoke a static method on a class in this engine
            </summary>
            <param name="classname">The classname</param>
            <param name="methodname">The method name to invoke</param>
            <param name="args">The arguments to pass to the method</param>
            <returns>The return value from the invoke, or null if no return</returns>
        </member>
        <member name="M:CANAPE.Scripting.DotNet.CSharpScriptEngine.GenerateCode(System.CodeDom.CodeCompileUnit)">
            <summary>
            Overridden code generation, used to clear up the code slightly to reduce size
            This is mainly because this is only used for parser generation where size is 
            an important factor
            </summary>
            <param name="unit">The code unit</param>
            <returns>The generated code</returns>
        </member>
        <member name="T:CANAPE.Scripting.DotNet.DotNetScriptEngine">
            <summary>
            .NET CodeDomProvider script engine
            </summary>
        </member>
        <member name="M:CANAPE.Scripting.DotNet.DotNetScriptEngine.RegisterInMemoryAssembly(System.Reflection.AssemblyName,System.Byte[])">
            <summary>
            Register an in-memory assembly for later use in compilation, if this is not available it will
            fail to compile correctly
            </summary>
            <param name="name">The name of the assembly</param>
            <param name="data">The executable data</param>
        </member>
        <member name="M:CANAPE.Scripting.DotNet.DotNetScriptEngine.#ctor(System.CodeDom.Compiler.CodeDomProvider,System.String)">
            <summary>
            
            </summary>
            <param name="provider"></param>
            <param name="options"></param>
        </member>
        <member name="M:CANAPE.Scripting.DotNet.DotNetScriptEngine.Parse(CANAPE.Scripting.ScriptContainer)">
            <summary>
            
            </summary>
            <param name="container"></param>
            <returns></returns>
        </member>
        <member name="M:CANAPE.Scripting.DotNet.DotNetScriptEngine.CreateScriptContainerSource(CANAPE.Scripting.ScriptContainer)">
            <summary>
            Returns an empty string
            </summary>
            <returns>Empty string</returns>
        </member>
        <member name="M:CANAPE.Scripting.DotNet.DotNetScriptEngine.GenerateCode(System.CodeDom.CodeCompileUnit)">
            <summary>
            Generate code from a code compile unit
            </summary>
            <param name="unit">The code compile unit</param>
            <returns>The string of code</returns>
        </member>
        <member name="T:CANAPE.Scripting.DynamicArrayDataKey">
            <summary>
            
            </summary>
        </member>
        <member name="M:CANAPE.Scripting.DynamicArrayDataKey.GetLogger">
            <summary>
            
            </summary>
            <returns></returns>
        </member>
        <member name="M:CANAPE.Scripting.DynamicArrayDataKey.FromArray(System.Byte[])">
            <summary>
            
            </summary>
            <param name="data"></param>
            <returns>Indicates if the end of stream has been reached</returns>
        </member>
        <member name="M:CANAPE.Scripting.DynamicArrayDataKey.ToArray">
            <summary>
            
            </summary>
            <returns></returns>
        </member>
        <member name="M:CANAPE.Scripting.DynamicArrayDataKey.ToWriter(CANAPE.DataFrames.DataWriter)">
            <summary>
            
            </summary>
            <param name="stm"></param>
        </member>
        <member name="M:CANAPE.Scripting.DynamicArrayDataKey.#ctor(System.String,System.String,System.String,System.Boolean,System.String,System.Collections.Generic.IEnumerable{System.Reflection.Assembly},CANAPE.Utils.Logger,System.Object)">
            <summary>
            
            </summary>
            <param name="name"></param>
            <param name="engine"></param>
            <param name="script"></param>
            <param name="enableDebug"></param>
            <param name="classname"></param>
            <param name="referencedAssemblies"></param>
            <param name="logger"></param>
            <param name="state"></param>
        </member>
        <member name="M:CANAPE.Scripting.DynamicArrayDataKey.CreateConverter">
            <summary>
            
            </summary>
            <returns></returns>
        </member>
        <member name="M:CANAPE.Scripting.DynamicArrayDataKey.ToString">
            <summary>
            
            </summary>
            <returns></returns>
        </member>
        <member name="T:CANAPE.Scripting.DynamicArrayDataKey2">
            <summary>
            
            </summary>
        </member>
        <member name="M:CANAPE.Scripting.DynamicArrayDataKey2.FromArray(System.Byte[])">
            <summary>
            From array method
            </summary>
            <param name="data">The data as an array</param>        
        </member>
        <member name="M:CANAPE.Scripting.DynamicArrayDataKey2.ToArray">
            <summary>
            To array method
            </summary>
            <returns>The key as an array</returns>
        </member>
        <member name="M:CANAPE.Scripting.DynamicArrayDataKey2.ToWriter(CANAPE.DataFrames.DataWriter)">
            <summary>
            To writer method
            </summary>
            <param name="stm">The data writer</param>
        </member>
        <member name="M:CANAPE.Scripting.DynamicArrayDataKey2.#ctor(System.String,CANAPE.Scripting.DynamicScriptContainer,CANAPE.Utils.Logger,System.Object)">
            <summary>
            Constructor
            </summary>
            <param name="name">Name of the node</param>
            <param name="container">The script container</param>
            <param name="logger">Logger object</param>
            <param name="state">Object state</param>
        </member>
        <member name="T:CANAPE.Scripting.DynamicDataKey`1">
            <summary>
            Dynamic data key base class
            </summary>
            <typeparam name="T"></typeparam>
        </member>
        <member name="M:CANAPE.Scripting.DynamicDataKey`1.#ctor(System.String,CANAPE.Scripting.DynamicScriptContainer,CANAPE.Utils.Logger,System.Object)">
            <summary>
            Constructor
            </summary>
            <param name="name">The name of the key</param>        
            <param name="container">The script container</param>
            <param name="logger">The logger</param>
            <param name="state">The object state</param>
        </member>
        <member name="M:CANAPE.Scripting.DynamicDataKey`1.GetLogger">
            <summary>
            Get the current logger
            </summary>
            <returns></returns>
        </member>
        <member name="M:CANAPE.Scripting.DynamicDataKey`1.CreateConverter">
            <summary>
            Create the converter
            </summary>
            <returns></returns>
        </member>
        <member name="M:CANAPE.Scripting.DynamicDataKey`1.ToString">
            <summary>
            To string override
            </summary>
            <returns>The value of the converter's ToDisplayString method</returns>
        </member>
        <member name="P:CANAPE.Scripting.DynamicDataKey`1.Script">
            <summary>
            Return the node's script container
            </summary>
        </member>
        <member name="T:CANAPE.Scripting.DynamicArrayPipelineNode">
            <summary>
            Pipeline node which parses an array
            </summary>
        </member>
        <member name="M:CANAPE.Scripting.DynamicArrayPipelineNode.OnInput(CANAPE.DataFrames.DataFrame)">
            <summary>
            OnInput Method
            </summary>
            <param name="frame">The data frame</param>
        </member>
        <member name="P:CANAPE.Scripting.DynamicArrayPipelineNode.Container">
            <summary>
            Script container
            </summary>
        </member>
        <member name="P:CANAPE.Scripting.DynamicArrayPipelineNode.State">
            <summary>
            Gets or sets the state for the dynamic object
            </summary>
        </member>
        <member name="T:CANAPE.Scripting.DynamicStreamDataKey">
            <summary>
            A datakey which is implemented by a dynamic stream object
            </summary>
        </member>
        <member name="M:CANAPE.Scripting.DynamicStreamDataKey.FromReader(CANAPE.DataFrames.DataReader)">
            <summary>
            Create a key from a DataReader
            </summary>
            <param name="stm">The data reader</param>
            <remarks>This method could throw almost any exception</remarks>
            <exception cref="T:System.IO.EndOfStreamException">Throw when end of stream reached</exception>
        </member>
        <member name="M:CANAPE.Scripting.DynamicStreamDataKey.ToWriter(CANAPE.DataFrames.DataWriter)">
            <summary>
            Write the key to a DataWriter
            </summary>
            <remarks>This method could throw almost any exception</remarks>
            <param name="stm">The DataWriter object</param>
        </member>
        <member name="M:CANAPE.Scripting.DynamicStreamDataKey.#ctor(System.String,System.String,System.String,System.Boolean,System.String,System.Collections.Generic.IEnumerable{System.Reflection.Assembly},CANAPE.Utils.Logger,System.Object)">
            <summary>
            Constructor
            </summary>
            <param name="name">Name of the node</param>
            <param name="engine">The script engine to use</param>
            <param name="script">The script text</param>
            <param name="classname">The classname to instantiate</param>
            <param name="enableDebug">True to enable debug mode</param>
            <param name="referencedAssemblies">List of referenced assemblies</param>
            <param name="logger">Logger object</param>
            <param name="state">Object state</param>
        </member>
        <member name="M:CANAPE.Scripting.DynamicStreamDataKey.ToString">
            <summary>
            To string override
            </summary>
            <returns>The value of the converter's ToDisplayString method</returns>
        </member>
        <member name="T:CANAPE.Scripting.DynamicStreamDataKey2">
            <summary>
            A datakey which is implemented by a dynamic stream object
            </summary>
        </member>
        <member name="M:CANAPE.Scripting.DynamicStreamDataKey2.FromReader(CANAPE.DataFrames.DataReader)">
            <summary>
            Create a key from a DataReader
            </summary>
            <param name="stm">The data reader</param>
            <remarks>This method could throw almost any exception</remarks>
            <exception cref="T:System.IO.EndOfStreamException">Throw when end of stream reached</exception>
        </member>
        <member name="M:CANAPE.Scripting.DynamicStreamDataKey2.ToWriter(CANAPE.DataFrames.DataWriter)">
            <summary>
            Write the key to a DataWriter
            </summary>
            <remarks>This method could throw almost any exception</remarks>
            <param name="stm">The DataWriter object</param>
        </member>
        <member name="M:CANAPE.Scripting.DynamicStreamDataKey2.#ctor(System.String,CANAPE.Scripting.DynamicScriptContainer,CANAPE.Utils.Logger,System.Object)">
            <summary>
            Constructor
            </summary>
            <param name="name">Name of the node</param>
            <param name="container">The script container</param>
            <param name="logger">Logger object</param>
            <param name="state">Object state</param>
        </member>
        <member name="T:CANAPE.Scripting.DynamicStreamPipelineNode">
            <summary>
            Class to implement a stream node which only selects a specific part of the frame
            </summary>
        </member>
        <member name="M:CANAPE.Scripting.DynamicStreamPipelineNode.#ctor">
            <summary>
            Constructor
            </summary>
        </member>
        <member name="M:CANAPE.Scripting.DynamicStreamPipelineNode.OnInput(CANAPE.DataFrames.DataFrame)">
            <summary>
            Method called when a new frame arraives
            </summary>
            <param name="frame">The frame</param>
        </member>
        <member name="P:CANAPE.Scripting.DynamicStreamPipelineNode.Container">
            <summary>
            Script container
            </summary>
        </member>
        <member name="P:CANAPE.Scripting.DynamicStreamPipelineNode.State">
            <summary>
            Gets or sets the state for the dynamic object
            </summary>
        </member>
        <member name="T:CANAPE.Scripting.DynamicStringDataKey">
            <summary>
            
            </summary>
        </member>
        <member name="M:CANAPE.Scripting.DynamicStringDataKey.FromArray(System.Byte[])">
            <summary>
            Convert from an array
            </summary>
            <param name="data">The data array</param>        
        </member>
        <member name="M:CANAPE.Scripting.DynamicStringDataKey.ToArray">
            <summary>
            Converts key to an array
            </summary>
            <returns>The data</returns>
        </member>
        <member name="M:CANAPE.Scripting.DynamicStringDataKey.#ctor(System.String,System.String,System.String,System.Boolean,System.String,System.Collections.Generic.IEnumerable{System.Reflection.Assembly},CANAPE.Utils.Logger,System.Object)">
            <summary>
            Constructor
            </summary>
            <param name="name">Name of key</param>
            <param name="engine">Script engine</param>
            <param name="script">Script code</param>
            <param name="classname">Class name</param>
            <param name="referencedAssemblies">Referenced assemblies</param>
            <param name="logger">The logger</param>
            <param name="state">The state of the key</param>
            <param name="enableDebug">Whether to enable debugging</param>
        </member>
        <member name="T:CANAPE.Scripting.DynamicStringDataKey2">
            <summary>
            
            </summary>
        </member>
        <member name="M:CANAPE.Scripting.DynamicStringDataKey2.ToDataString">
            <summary>
            Convert to a data string
            </summary>
            <returns></returns>
        </member>
        <member name="M:CANAPE.Scripting.DynamicStringDataKey2.FromDataString(System.String)">
            <summary>
            Convert from a data string
            </summary>
            <param name="str">The data string</param>
        </member>
        <member name="M:CANAPE.Scripting.DynamicStringDataKey2.FromArray(System.Byte[])">
            <summary>
            Convert from an array
            </summary>
            <param name="data">The data array</param>        
        </member>
        <member name="M:CANAPE.Scripting.DynamicStringDataKey2.ToArray">
            <summary>
            Converts key to an array
            </summary>
            <returns>The data</returns>
        </member>
        <member name="M:CANAPE.Scripting.DynamicStringDataKey2.#ctor(System.String,CANAPE.Scripting.DynamicScriptContainer,CANAPE.Utils.Logger,System.Object)">
            <summary>
            Constructor
            </summary>
            <param name="name">Name of key</param>        
            <param name="container">The script container</param>
            <param name="logger">The logger</param>
            <param name="state">The state of the key</param>        
        </member>
        <member name="T:CANAPE.Scripting.DynamicStringPipelineNode">
            <summary>
            A pipeline node which parses strings
            </summary>
        </member>
        <member name="M:CANAPE.Scripting.DynamicStringPipelineNode.OnInput(CANAPE.DataFrames.DataFrame)">
            <summary>
            OnInput Method
            </summary>
            <param name="frame">The data frame</param>
        </member>
        <member name="P:CANAPE.Scripting.DynamicStringPipelineNode.Container">
            <summary>
            Script container
            </summary>
        </member>
        <member name="P:CANAPE.Scripting.DynamicStringPipelineNode.State">
            <summary>
            Gets or sets the state for the dynamic object
            </summary>
        </member>
        <member name="T:CANAPE.Scripting.Dynamic.DynamicScriptEngine">
            <summary>
            Base script engine for dynamic languages (e.g. Ruby or Python)
            </summary>
        </member>
        <member name="F:CANAPE.Scripting.Dynamic.DynamicScriptEngine._engine">
            <summary>
            The dynamic script engine
            </summary>
        </member>
        <member name="F:CANAPE.Scripting.Dynamic.DynamicScriptEngine._code">
            <summary>
            Compiled code
            </summary>
        </member>
        <member name="F:CANAPE.Scripting.Dynamic.DynamicScriptEngine._source">
            <summary>
            The source of the script
            </summary>
        </member>
        <member name="F:CANAPE.Scripting.Dynamic.DynamicScriptEngine._scope">
            <summary>
            The script scope
            </summary>
        </member>
        <member name="F:CANAPE.Scripting.Dynamic.DynamicScriptEngine._globals">
            <summary>
            Dictionary of global variables
            </summary>
        </member>
        <member name="M:CANAPE.Scripting.Dynamic.DynamicScriptEngine.#ctor(Microsoft.Scripting.Hosting.ScriptEngine)">
            <summary>
            Constructor
            </summary>
            <param name="engine">The script engine to create</param>        
        </member>
        <member name="M:CANAPE.Scripting.Dynamic.DynamicScriptEngine.GetGlobals">
            <summary>
            Method to get the globals, will execute the code if required
            </summary>
            <returns>A dictionary of globals</returns>
        </member>
        <member name="M:CANAPE.Scripting.Dynamic.DynamicScriptEngine.Parse(CANAPE.Scripting.ScriptContainer)">
            <summary>
            Parse a script
            </summary>
            <param name="container">Script container</param>
            <returns>An array of errors, if no errors then empty</returns>
        </member>
        <member name="M:CANAPE.Scripting.Dynamic.DynamicScriptEngine.GetInstance(System.String)">
            <summary>
            Get an instance of a class from the engine
            </summary>
            <param name="classname">The class name</param>
            <returns>An instance of the class, null if not found</returns>
        </member>
        <member name="M:CANAPE.Scripting.Dynamic.DynamicScriptEngine.GenerateCode(System.CodeDom.CodeCompileUnit)">
            <summary>
            Generate code based on a code namespace (not implemented)
            </summary>
            <param name="unit">The code compile unit</param>
            <returns>Always String.Empty</returns>
        </member>
        <member name="M:CANAPE.Scripting.Dynamic.DynamicScriptEngine.GetTypes(System.Type[])">
            <summary>
            Get list of type names that this script contained
            </summary>
            <param name="types">List of types to find, if empty will return all types</param>
            <returns>The array of type names</returns>
        </member>
        <member name="M:CANAPE.Scripting.Dynamic.DynamicScriptEngine.GetInstance(System.String,System.Object[])">
            <summary>
            Get an instance of a class
            </summary>
            <param name="classname">The classname</param>
            <param name="args">Any arguments for the constructor</param>
            <returns>The instance</returns>
        </member>
        <member name="M:CANAPE.Scripting.Dynamic.DynamicScriptEngine.Invoke(System.String,System.String,System.Object[])">
            <summary>
            Invoke a static method on a class
            </summary>
            <param name="classname">The classname</param>
            <param name="methodname">The name of the method</param>
            <param name="args">The arguments to pass to the method</param>
            <returns>The return value from the method</returns>
        </member>
        <member name="T:CANAPE.Scripting.GeneratorDataAdapter">
            <summary>
            A data adapter which acts as a generator 
            </summary>
        </member>
        <member name="M:CANAPE.Scripting.GeneratorDataAdapter.#ctor(CANAPE.Scripting.IDataGenerator,System.Threading.CancellationToken)">
            <summary>
            Constructor
            </summary>
            <param name="generator">The generator to use</param>
            <param name="token">A cancellation token</param>
        </member>
        <member name="M:CANAPE.Scripting.GeneratorDataAdapter.#ctor(CANAPE.Scripting.IDataGenerator)">
            <summary>
            Constructor
            </summary>
            <param name="generator">The generator to use</param>
        </member>
        <member name="M:CANAPE.Scripting.GeneratorDataAdapter.GetFrames">
            <summary>
            Overriden GetFrames
            </summary>
            <returns>The enumeration of frames</returns>
        </member>
        <member name="M:CANAPE.Scripting.GeneratorDataAdapter.Write(CANAPE.DataFrames.DataFrame)">
            <summary>
            Overridden write method
            </summary>
            <param name="data">The data frame to write</param>
        </member>
        <member name="M:CANAPE.Scripting.GeneratorDataAdapter.OnDispose(System.Boolean)">
            <summary>
            Overridden dispose method
            </summary>
            <param name="disposing">True if disposing</param>
        </member>
        <member name="T:CANAPE.Scripting.IDataArrayParser">
            <summary>
            Parse an array
            </summary>
        </member>
        <member name="M:CANAPE.Scripting.IDataArrayParser.FromArray(System.Byte[],CANAPE.DataFrames.DataKey,CANAPE.Utils.Logger)">
            <summary>
            Convert from an array
            </summary>
            <param name="data"></param>
            <param name="root"></param>
            <param name="logger"></param>
        </member>
        <member name="M:CANAPE.Scripting.IDataArrayParser.ToArray(CANAPE.DataFrames.DataKey,CANAPE.Utils.Logger)">
            <summary>
            Convert to an array
            </summary>
            <param name="root"></param>
            <param name="logger"></param>
            <returns></returns>
        </member>
        <member name="T:CANAPE.Scripting.IDataGenerator">
            <summary>
            Interface for a data generator
            </summary>
        </member>
        <member name="M:CANAPE.Scripting.IDataGenerator.Generate(System.Collections.Generic.IEnumerable{CANAPE.DataFrames.DataFrame})">
            <summary>
            Method to generate data
            </summary>
            <param name="inputFrames">Provides input data to the generator</param>
            <returns>Can return one of, DataFrame, string, byte array, DataKey or dictionary</returns>
        </member>
        <member name="P:CANAPE.Scripting.IDataGenerator.Description">
            <summary>
            Get a descriptive name for the endpoint
            </summary>
        </member>
        <member name="P:CANAPE.Scripting.IDataGenerator.Meta">
            <summary>
            Meta
            </summary>
        </member>
        <member name="P:CANAPE.Scripting.IDataGenerator.GlobalMeta">
            <summary>
            Global meta
            </summary>
        </member>
        <member name="T:CANAPE.Scripting.IDataParser">
            <summary>
            Base interface for all parsers
            </summary>
        </member>
        <member name="M:CANAPE.Scripting.IDataParser.ToDisplayString(CANAPE.DataFrames.DataKey,CANAPE.Utils.Logger)">
            <summary>
            Convert the datakey to a text string
            </summary>
            <param name="root"></param>
            <param name="logger"></param>
            <returns></returns>
        </member>
        <member name="T:CANAPE.Scripting.IDataEndpoint">
            <summary>
            The interface to implement a server of data, 
            be that a client or a server in the traditional sense
            </summary>
        </member>
        <member name="M:CANAPE.Scripting.IDataEndpoint.Run(CANAPE.DataAdapters.IDataAdapter,CANAPE.Utils.Logger)">
            <summary>
            Run the endpoint
            </summary>
            <param name="adapter">Adapter</param>
            <param name="logger">Logger</param>
        </member>
        <member name="P:CANAPE.Scripting.IDataEndpoint.Description">
            <summary>
            Get a descriptive name for the endpoint
            </summary>
        </member>
        <member name="P:CANAPE.Scripting.IDataEndpoint.Meta">
            <summary>
            Meta
            </summary>
        </member>
        <member name="P:CANAPE.Scripting.IDataEndpoint.GlobalMeta">
            <summary>
            Global meta
            </summary>
        </member>
        <member name="T:CANAPE.Scripting.IDataStreamParser">
            <summary>
            Interface to implement a data converter
            </summary>
        </member>
        <member name="M:CANAPE.Scripting.IDataStreamParser.FromReader(CANAPE.DataFrames.DataReader,CANAPE.DataFrames.DataKey,CANAPE.Utils.Logger)">
            <summary>
            Populates a DataKey from a data reader
            </summary>
            <param name="reader">The data reader</param>
            <param name="root">The root data key</param>
            <param name="logger">A logger for this session</param>
        </member>
        <member name="M:CANAPE.Scripting.IDataStreamParser.ToWriter(CANAPE.DataFrames.DataWriter,CANAPE.DataFrames.DataKey,CANAPE.Utils.Logger)">
            <summary>
            Formats a datakey to a data writer
            </summary>
            <param name="writer"></param>
            <param name="root"></param>
            <param name="logger"></param>
        </member>
        <member name="T:CANAPE.Scripting.IDataStringParser">
            <summary>
            Interface to parse data as a string
            </summary>
        </member>
        <member name="M:CANAPE.Scripting.IDataStringParser.FromString(System.String,CANAPE.DataFrames.DataKey,CANAPE.Utils.Logger)">
            <summary>
            Convert from a string
            </summary>
            <param name="data">The data string</param>
            <param name="root">The root key to populate</param>
            <param name="logger">The logger</param>
        </member>
        <member name="M:CANAPE.Scripting.IDataStringParser.ToString(CANAPE.DataFrames.DataKey,CANAPE.Utils.Logger)">
            <summary>
            Get the datakey as a string
            </summary>
            <param name="root">The root key to use</param>
            <param name="logger">The logger</param>
            <returns>The string form of the key</returns>
        </member>
        <member name="T:CANAPE.Scripting.IPersistDynamicNode">
            <summary>
            Interface to persist a dynamic node's state if required
            </summary>
            <remarks>This is now obselete, but left for back compat purposes, should use CANAPE.Nodes.IPersistNode instead</remarks>
        </member>
        <member name="T:CANAPE.Scripting.IRunScript">
            <summary>
            An interface which determines if a class can be executed
            </summary>
        </member>
        <member name="M:CANAPE.Scripting.IRunScript.Run(System.Object[])">
            <summary>
            Execute some code on the class
            </summary>
            <param name="args">Any arguments passed from the caller</param>
            <returns>The result if needed</returns>
        </member>
        <member name="T:CANAPE.Scripting.IScriptedNode">
            <summary>
            An interface which allows access to the a node's script
            </summary>
        </member>
        <member name="P:CANAPE.Scripting.IScriptedNode.Script">
            <summary>
            Get the script container for this node
            </summary>
        </member>
        <member name="T:CANAPE.Scripting.IScriptEngine">
            <summary>
            Interface for a script engine
            </summary>
        </member>
        <member name="M:CANAPE.Scripting.IScriptEngine.Parse(CANAPE.Scripting.ScriptContainer)">
            <summary>
            Parse a script and get any errors associated with it
            </summary>
            <param name="container">The script code to assemble</param>
            <returns>An array of errors if any</returns>
        </member>
        <member name="M:CANAPE.Scripting.IScriptEngine.GetInstance(System.String)">
            <summary>
            Get an instance of an object from the script engine
            </summary>
            <param name="classname">The fully qualified name of the class</param>
            <returns>The created instance, returns null if couldn't create it</returns>
        </member>
        <member name="M:CANAPE.Scripting.IScriptEngine.GetInstance(System.String,System.Object[])">
            <summary>
            Get an instance of an object passing it specific constructor parameters
            </summary>
            <param name="classname">The classname to create</param>
            <param name="args">The parameters to pass to the constructor</param>
            <returns>The created instance, returns null if couldn't create it</returns>
        </member>
        <member name="M:CANAPE.Scripting.IScriptEngine.Invoke(System.String,System.String,System.Object[])">
            <summary>
            Invoke a public static method in this script
            </summary>
            <param name="classname">The name of the class</param>
            <param name="methodname">The name of the method</param>
            <param name="args">Any parameters</param>
            <returns>Returns the result of the invoke, null if no return value</returns>
        </member>
        <member name="M:CANAPE.Scripting.IScriptEngine.GenerateCode(System.CodeDom.CodeCompileUnit)">
            <summary>
            Generate code from a code compile unit
            </summary>
            <param name="unit">The code compile unit to generate code from</param>
            <returns>The generated code</returns>
        </member>
        <member name="M:CANAPE.Scripting.IScriptEngine.GetTypes(System.Type[])">
            <summary>
            Get the types in this script engine
            </summary>
            <param name="types">List of types to find, if empty will return all types</param>
            <returns></returns>
        </member>
        <member name="T:CANAPE.Scripting.NameValueDataPair">
            <summary>
            Simple class which holds a name value pair which is reflected in the data tree
            </summary>
        </member>
        <member name="P:CANAPE.Scripting.NameValueDataPair.Name">
            <summary>
            The name of the pair
            </summary>
        </member>
        <member name="P:CANAPE.Scripting.NameValueDataPair.Value">
            <summary>
            The value of the pair
            </summary>
        </member>
        <member name="M:CANAPE.Scripting.NameValueDataPair.#ctor(System.String,System.Object)">
            <summary>
            Constructor
            </summary>
            <param name="name">The name of the pair</param>
            <param name="value">The value of the pair</param>
        </member>
        <member name="T:CANAPE.Scripting.PersistStreamDataEndpoint`2">
            <summary>
            Base class for a stream based endpoint with persistence
            </summary>
        </member>
        <member name="M:CANAPE.Scripting.PersistStreamDataEndpoint`2.Run(CANAPE.DataAdapters.IDataAdapter,CANAPE.Utils.Logger)">
            <summary>
            Run method
            </summary>
            <param name="adapter">The data adapter to use</param>
            <param name="logger">The logger to use</param>
        </member>
        <member name="M:CANAPE.Scripting.PersistStreamDataEndpoint`2.OnRun(System.IO.Stream,CANAPE.Utils.Logger)">
            <summary>
            Abstract method for derived classes to implement
            </summary>
            <param name="stm">The binary stream</param>
            <param name="logger">The logger to use</param>
        </member>
        <member name="T:CANAPE.Scripting.Properties.Resources">
            <summary>
              A strongly-typed resource class, for looking up localized strings, etc.
            </summary>
        </member>
        <member name="P:CANAPE.Scripting.Properties.Resources.ResourceManager">
            <summary>
              Returns the cached ResourceManager instance used by this class.
            </summary>
        </member>
        <member name="P:CANAPE.Scripting.Properties.Resources.Culture">
            <summary>
              Overrides the current thread's CurrentUICulture property for all
              resource lookups using this strongly typed resource class.
            </summary>
        </member>
        <member name="P:CANAPE.Scripting.Properties.Resources.AssemblyScriptEngine_MissingRunType">
            <summary>
              Looks up a localized string similar to Could not find type derived from IRunScript to execute.
            </summary>
        </member>
        <member name="P:CANAPE.Scripting.Properties.Resources.BasePipelineNodeWithPersist_InvalidConfig">
            <summary>
              Looks up a localized string similar to Invalid config passed for {0} class, using existing value.
            </summary>
        </member>
        <member name="P:CANAPE.Scripting.Properties.Resources.DotNetScriptEngine_CannotGetAssemblyLocation">
            <summary>
              Looks up a localized string similar to Cannot get file location of assembly &apos;{0}&apos;.
            </summary>
        </member>
        <member name="P:CANAPE.Scripting.Properties.Resources.DotNetScriptEngine_CompileException">
            <summary>
              Looks up a localized string similar to Exception during compile {0}.
            </summary>
        </member>
        <member name="P:CANAPE.Scripting.Properties.Resources.DynamicDataKey_ErrorGettingDisplayString">
            <summary>
              Looks up a localized string similar to Error getting display string &apos;{0}&apos;.
            </summary>
        </member>
        <member name="P:CANAPE.Scripting.Properties.Resources.DynamicDataKey_StateNotSerializable">
            <summary>
              Looks up a localized string similar to The object state is not serializable.
            </summary>
        </member>
        <member name="P:CANAPE.Scripting.Properties.Resources.DynamicNodeFactory_CannotCreateType">
            <summary>
              Looks up a localized string similar to Cannot create type &apos;{0}&apos; for &apos;{1}&apos;.
            </summary>
        </member>
        <member name="P:CANAPE.Scripting.Properties.Resources.DynamicNodeFactory_InvalidNodeType">
            <summary>
              Looks up a localized string similar to Invalid dynamic node type &apos;{0}&apos; for &apos;{1}&apos;.
            </summary>
        </member>
        <member name="P:CANAPE.Scripting.Properties.Resources.DynamicNodeFactory_MustSpecifyClassName">
            <summary>
              Looks up a localized string similar to Must specify a dynamic class name for &apos;{0}&apos;.
            </summary>
        </member>
        <member name="P:CANAPE.Scripting.Properties.Resources.DynamicNodeFactory_NoScriptSpecified">
            <summary>
              Looks up a localized string similar to No script specified for &apos;{0}&apos;.
            </summary>
        </member>
        <member name="P:CANAPE.Scripting.Properties.Resources.PythonScriptEngine_NoClassForInvoke">
            <summary>
              Looks up a localized string similar to No available class for invoke.
            </summary>
        </member>
        <member name="P:CANAPE.Scripting.Properties.Resources.Scripting_Error">
            <summary>
              Looks up a localized string similar to Error.
            </summary>
        </member>
        <member name="P:CANAPE.Scripting.Properties.Resources.Scripting_FailedToCreateInstance">
            <summary>
              Looks up a localized string similar to Failed to create instance of object.
            </summary>
        </member>
        <member name="P:CANAPE.Scripting.Properties.Resources.Scripting_FatalError">
            <summary>
              Looks up a localized string similar to FatalError.
            </summary>
        </member>
        <member name="P:CANAPE.Scripting.Properties.Resources.Scripting_Warning">
            <summary>
              Looks up a localized string similar to Warning.
            </summary>
        </member>
        <member name="T:CANAPE.Scripting.ScriptContainer">
            <summary>
            A class to contain script code
            </summary>
        </member>
        <member name="P:CANAPE.Scripting.ScriptContainer.Script">
            <summary>
            The script code itself, can be overridden
            </summary>
        </member>
        <member name="P:CANAPE.Scripting.ScriptContainer.Engine">
            <summary>
            The engine to use
            </summary>
        </member>
        <member name="P:CANAPE.Scripting.ScriptContainer.ReferencedNames">
            <summary>
            List of assembly name references for compilation
            </summary>
        </member>
        <member name="P:CANAPE.Scripting.ScriptContainer.Uuid">
            <summary>
            The UUID of the script, used to track its source
            </summary>
        </member>
        <member name="P:CANAPE.Scripting.ScriptContainer.EnableDebug">
            <summary>
            Enable debugging for this script
            </summary>
        </member>
        <member name="M:CANAPE.Scripting.ScriptContainer.#ctor(System.String,System.Guid,System.String,System.Boolean)">
            <summary>
            Constructor
            </summary>
            <param name="engine">The script engine</param>
            <param name="uuid">The uuid of the script</param>
            <param name="script">The script text itself</param>
            <param name="enableDebug">Whether debug should be enabled</param>
        </member>
        <member name="M:CANAPE.Scripting.ScriptContainer.#ctor(CANAPE.Scripting.ScriptContainer,System.String)">
            <summary>
            Clone constructor, copy everything but the script
            </summary>
            <param name="container">The existing container</param>
            <param name="newScript">New script to use</param>
        </member>
        <member name="M:CANAPE.Scripting.ScriptContainer.#ctor(CANAPE.Scripting.ScriptContainer)">
            <summary>
            Clone constructor, copy everything
            </summary>
            <param name="container">The existing container</param>
        </member>
        <member name="M:CANAPE.Scripting.ScriptContainer.#ctor(System.String,System.Guid,System.String,System.Boolean,System.Collections.Generic.IEnumerable{System.Reflection.AssemblyName})">
            <summary>
            Constructor
            </summary>        
            <param name="engine">The script engine</param>        
            <param name="enableDebug">Whether to enable dbeug</param>
            <param name="referencedAssemblies">Referenced assemblies</param>
            <param name="script">The script code</param>
            <param name="uuid">The uuid of the script</param>
        </member>
        <member name="M:CANAPE.Scripting.ScriptContainer.#ctor(System.Reflection.Assembly)">
            <summary>
            Construct an engine from an assembly
            </summary>
            <param name="asm">The assembly</param>
        </member>
        <member name="M:CANAPE.Scripting.ScriptContainer.GetInstance(System.String)">
            <summary>
            Get an instance of a class from the script
            </summary>
            <param name="classname">The classname to get</param>
            <returns>An instance of the object</returns>
        </member>
        <member name="M:CANAPE.Scripting.ScriptContainer.GetInstance(System.String,System.Object[])">
            <summary>
            Get an instance of a class from the script
            </summary>
            <param name="classname">The classname to get</param>
            <param name="args">The arguments for the constructor</param>
            <returns>An instance of the object</returns>
        </member>
        <member name="M:CANAPE.Scripting.ScriptContainer.Invoke(System.String,System.String,System.Object[])">
            <summary>
            Invoke a static method on the script
            </summary>
            <param name="classname">The classname to use</param>
            <param name="methodname">The method name</param>
            <param name="args">The arguments</param>
            <returns>The return value of the method</returns>
        </member>
        <member name="M:CANAPE.Scripting.ScriptContainer.GetClassNames(System.Type[])">
            <summary>
            Get class names from the script
            </summary>
            <param name="types">Optional list of types</param>
            <returns>Get list of classes for this container</returns>
        </member>
        <member name="M:CANAPE.Scripting.ScriptContainer.Equals(System.Object)">
            <summary>
            Equals method
            </summary>
            <param name="obj">The other object</param>
            <returns>True if other object is equal</returns>
        </member>
        <member name="M:CANAPE.Scripting.ScriptContainer.GetHashCode">
            <summary>
            Get hash code
            </summary>
            <returns>The object hash code</returns>
        </member>
        <member name="T:CANAPE.Scripting.DynamicScriptContainer">
            <summary>
            Script container which also includes a default class name
            </summary>
        </member>
        <member name="M:CANAPE.Scripting.DynamicScriptContainer.#ctor(CANAPE.Scripting.ScriptContainer,System.String)">
            <summary>
            Constructor, internal use only
            </summary>
            <param name="container">The script container</param>
            <param name="classname">The classname</param>
        </member>
        <member name="M:CANAPE.Scripting.DynamicScriptContainer.GetCachedContainer(CANAPE.Scripting.DynamicScriptContainer)">
            <summary>
            Get a cached version of the container
            </summary>
            <param name="key">The container</param>
            <returns>The identified script container</returns>
        </member>
        <member name="M:CANAPE.Scripting.DynamicScriptContainer.Create(CANAPE.Scripting.ScriptContainer,System.String)">
            <summary>
            Create a container
            </summary>
            <param name="container">The script container</param>
            <param name="classname">The classname</param>
            <returns>The new container, will reuse an existing one if appropriate</returns>
        </member>
        <member name="M:CANAPE.Scripting.DynamicScriptContainer.Create(System.Type)">
            <summary>
            Create a container, used for types which are implemented by non-scripted assemblies
            </summary>
            <param name="type">The type, must be in a referencable assembly, not a scripted type</param>
            <returns>The new container, will reuse an existing one if appropriate</returns>
        </member>
        <member name="M:CANAPE.Scripting.DynamicScriptContainer.GetInstance">
            <summary>
            Get an instance of a class from the script using internal classname
            </summary>        
            <returns>An instance of the object</returns>
        </member>
        <member name="M:CANAPE.Scripting.DynamicScriptContainer.GetInstance(System.Object[])">
            <summary>
            Get an instance of a class from the script using internal classname
            </summary>        
            <param name="args">The arguments for the constructor</param>
            <returns>An instance of the object</returns>
        </member>
        <member name="M:CANAPE.Scripting.DynamicScriptContainer.Invoke(System.String,System.Object[])">
            <summary>
            Invoke a static method on the script using internal classname
            </summary>        
            <param name="methodname">The method name</param>
            <param name="args">The arguments</param>
            <returns>The return value of the method</returns>
        </member>
        <member name="M:CANAPE.Scripting.DynamicScriptContainer.Equals(System.Object)">
            <summary>
            Equals method
            </summary>
            <param name="obj">The other object</param>
            <returns>True if other object is equal</returns>
        </member>
        <member name="M:CANAPE.Scripting.DynamicScriptContainer.GetHashCode">
            <summary>
            Get hash code
            </summary>
            <returns>The object hash code</returns>
        </member>
        <member name="T:CANAPE.Scripting.ScriptEngineAttribute">
            <summary>
            Attribute for a script engine
            </summary>
        </member>
        <member name="M:CANAPE.Scripting.ScriptEngineAttribute.#ctor(System.String,System.String)">
            <summary>
            Constructor
            </summary>
            <param name="engineName">The engine name</param>
            <param name="textName">The engine description</param>
        </member>
        <member name="P:CANAPE.Scripting.ScriptEngineAttribute.EngineName">
            <summary>
            Get the name of the engine
            </summary>
        </member>
        <member name="P:CANAPE.Scripting.ScriptEngineAttribute.TextName">
            <summary>
            Get the description of the engine
            </summary>
        </member>
        <member name="M:CANAPE.Scripting.ScriptEngineAttribute.RegisterType(System.Type)">
            <summary>
            Register the type with the manager
            </summary>
            <param name="t">The type to register</param>
        </member>
        <member name="M:CANAPE.Scripting.ScriptEngineAttribute.UnregisterType(System.Type)">
            <summary>
            Unregister the type with the manager
            </summary>
            <param name="t">The type to unregister</param>
        </member>
        <member name="T:CANAPE.Scripting.ScriptEngineFactory">
            <summary>
            Factory to create a script engine
            </summary>
        </member>
        <member name="T:CANAPE.Scripting.ScriptEngineFactory.ScriptEngineInfo">
            <summary>
            
            </summary>
        </member>
        <member name="F:CANAPE.Scripting.ScriptEngineFactory.ScriptEngineInfo.textDescription">
            <summary>
            
            </summary>
        </member>
        <member name="F:CANAPE.Scripting.ScriptEngineFactory.ScriptEngineInfo.type">
            <summary>
            
            </summary>
        </member>
        <member name="F:CANAPE.Scripting.ScriptEngineFactory._lock">
            <summary>
            
            </summary>
        </member>
        <member name="F:CANAPE.Scripting.ScriptEngineFactory._engines">
            <summary>
            
            </summary>
        </member>
        <member name="M:CANAPE.Scripting.ScriptEngineFactory.#cctor">
            <summary>
            Load the current list of engines (for now just statically implemented)
            </summary>
        </member>
        <member name="M:CANAPE.Scripting.ScriptEngineFactory.AddScriptEngineFromType(System.Type)">
            <summary>
            Add a script engine from a type, uses ScriptEngineAttribute to populate informatin
            </summary>
            <param name="engineType">The engine type</param>
        </member>
        <member name="M:CANAPE.Scripting.ScriptEngineFactory.RemoveScriptEngineFromType(CANAPE.Scripting.ScriptEngineAttribute,System.Type)">
            <summary>
            Remove the script engine by type
            </summary>
            <param name="engineType">The engine type</param>
            <param name="attr">The scriptengine attribute</param>
        </member>
        <member name="M:CANAPE.Scripting.ScriptEngineFactory.AddScriptEngineFromType(CANAPE.Scripting.ScriptEngineAttribute,System.Type)">
            <summary>
            Add a script engine from a type, uses ScriptEngineAttribute to populate informatin
            </summary>
            <param name="engineType">The engine type</param>
            <param name="attr">The scriptengine attribute</param>
        </member>
        <member name="P:CANAPE.Scripting.ScriptEngineFactory.Engines">
            <summary>
            Get engine names 
            </summary>
        </member>
        <member name="M:CANAPE.Scripting.ScriptEngineFactory.GetDescriptionForEngine(System.String)">
            <summary>
            Get description for engine name
            </summary>
            <param name="engine">The engine name</param>
            <returns>The description</returns>
        </member>
        <member name="M:CANAPE.Scripting.ScriptEngineFactory.GetTypeForScriptEngine(System.String)">
            <summary>
            Get the type for the implementation of the script engine script engine
            </summary>
            <param name="engine">The engine name</param>
            <returns>The type of script engine, null if not found</returns>
        </member>
        <member name="M:CANAPE.Scripting.ScriptEngineFactory.GetScriptEngine(System.String,System.Boolean)">
            <summary>
            Get a script engine instance
            </summary>
            <param name="engine">The engine name</param>
            <param name="enableDebug">Whether to enable debug of the engine</param>
            <returns>The script engine</returns>
        </member>
        <member name="T:CANAPE.Scripting.ScriptError">
            <summary>
            Class to hold a generic script error
            </summary>
        </member>
        <member name="P:CANAPE.Scripting.ScriptError.Description">
            <summary>
            Error description
            </summary>
        </member>
        <member name="P:CANAPE.Scripting.ScriptError.Severity">
            <summary>
            Error severity
            </summary>
        </member>
        <member name="P:CANAPE.Scripting.ScriptError.Line">
            <summary>
            Error line
            </summary>
        </member>
        <member name="P:CANAPE.Scripting.ScriptError.Column">
            <summary>
            Error column
            </summary>
        </member>
        <member name="M:CANAPE.Scripting.ScriptError.#ctor(System.String,System.String,System.Int32,System.Int32)">
            <summary>
            Default constructor
            </summary>
            <param name="description">Error description</param>
            <param name="severity">Error severity</param>
            <param name="line">Error line</param>
            <param name="column">Error column</param>
        </member>
        <member name="T:CANAPE.Scripting.ScriptUtils">
            <summary>
            Static utility class to handle scripting
            </summary>
        </member>
        <member name="M:CANAPE.Scripting.ScriptUtils.ReInitialize">
            <summary>
            Reinitialize the script engine
            </summary>
        </member>
        <member name="M:CANAPE.Scripting.ScriptUtils.DeleteTempFiles">
            <summary>
            Delete any temporary files
            </summary>
        </member>
        <member name="M:CANAPE.Scripting.ScriptUtils.AddTempFile(System.String)">
            <summary>
            Add a temp file for later deletion
            </summary>
            <param name="tempFile">The temporary file</param>
        </member>
        <member name="M:CANAPE.Scripting.ScriptUtils.Parse(CANAPE.Scripting.ScriptContainer)">
            <summary>
            Parse the supplied code and return errors. The results are not cached
            </summary>
            <param name="container">The script container</param>
            <returns>An array of script errors, if length of 0 means no errors</returns>
        </member>
        <member name="M:CANAPE.Scripting.ScriptUtils.GetScriptEngine(System.String,System.Boolean)">
            <summary>
            Get a script engine
            </summary>
            <param name="engine">The engine name</param>
            <param name="enableDebug">Whether to enable debug</param>
            <returns>The script engine instance</returns>
        </member>
        <member name="M:CANAPE.Scripting.ScriptUtils.GenerateCode(System.String,System.CodeDom.CodeCompileUnit)">
            <summary>
            Generate code from a compile unit and an engine
            </summary>
            <param name="engine">The script engine to use</param>
            <param name="unit">The compile unit</param>
            <returns>The code or an empty string</returns>
        </member>
        <member name="M:CANAPE.Scripting.ScriptUtils.GetInstance``1(CANAPE.Scripting.ScriptContainer)">
            <summary>
            Get an instance of a specific type
            </summary>
            <typeparam name="T">The type the object derives from to instantiate</typeparam>
            <returns>The instance of T, null if it doesn't exist</returns>
        </member>
        <member name="M:CANAPE.Scripting.ScriptUtils.GetTypes(CANAPE.Scripting.ScriptContainer,System.Type[])">
            <summary>
            Get type names in script
            </summary>
            <param name="container">The script container</param>
            <param name="types">Optional list of types to filter on</param>
            <returns>The list of type names</returns>
        </member>
        <member name="M:CANAPE.Scripting.ScriptUtils.Invoke(CANAPE.Scripting.ScriptContainer,System.String,System.String,System.Object[])">
            <summary>
            Invoke a static method on the script
            </summary>
            <param name="container">The script container</param>
            <param name="classname">The name of the class to invoke on</param>
            <param name="methodname">The method name</param>
            <param name="args">Any optional arguments</param>
            <returns>The return value if it is supported</returns>
        </member>
        <member name="M:CANAPE.Scripting.ScriptUtils.GetInstance(CANAPE.Scripting.ScriptContainer,System.String)">
            <summary>
            Get an instance of a script generated object, this caches class objects for performance
            </summary>
            <param name="container">The script container</param>
            <param name="classname">The name of the class to get an instance of</param>
            <returns>The object instance</returns>
        </member>
        <member name="M:CANAPE.Scripting.ScriptUtils.GetInstance(CANAPE.Scripting.ScriptContainer,System.String,System.Object[])">
            <summary>
            Get an instance of a script generated object, this caches class objects for performance
            </summary>
            <param name="container">The script container</param>
            <param name="classname">The name of the class to get an instance of</param>
            <param name="args">Any parmeters to the constructor</param>
            <returns>The object instance</returns>
        </member>
        <member name="M:CANAPE.Scripting.ScriptUtils.GetTemplates(System.String)">
            <summary>
            Get an array of script templates for a specified engine
            </summary>
            <param name="engine">The engine</param>
            <returns>An array of available templates</returns>
        </member>
        <member name="P:CANAPE.Scripting.ScriptUtils.DefaultTypes">
            <summary>
            Default scriptable types
            </summary>
        </member>
        <member name="T:CANAPE.Scripting.DataEndpointAdapter">
            <summary>
            Data adapter to interface with a data endpoint object
            </summary>
        </member>
        <member name="M:CANAPE.Scripting.DataEndpointAdapter.#ctor(CANAPE.Scripting.IDataEndpoint,CANAPE.Utils.Logger)">
            <summary>
            Constructor
            </summary>
            <param name="server">Data endpoint object</param>
            <param name="logger">Logger object</param>
        </member>
        <member name="M:CANAPE.Scripting.DataEndpointAdapter.Read">
            <summary>
            
            </summary>
            <returns></returns>
        </member>
        <member name="T:CANAPE.Scripting.StreamDataEndpoint">
            <summary>
            Base class for a data server which takes a binary stream
            </summary>
        </member>
        <member name="T:CANAPE.Nodes.BaseDynamicPipelineNode">
            <summary>
            A base class for dynamic node scripts which incorporates configuration settings
            </summary>
        </member>
        <member name="M:CANAPE.Nodes.BaseDynamicPipelineNode.#ctor">
            <summary>
            Constructor
            </summary>
        </member>
        <member name="P:CANAPE.Nodes.BaseDynamicPipelineNode.Config">
            <summary>
            Gets the config object
            </summary>
        </member>
        <member name="T:CANAPE.Nodes.DynamicBinaryStreamPipelineNode">
            <summary>
            Pipeline node which handles data from a pipeline using a data converter
            </summary>
        </member>
        <member name="M:CANAPE.Nodes.DynamicBinaryStreamPipelineNode.#ctor">
            <summary>
            Default constructor
            </summary>
        </member>
        <member name="P:CANAPE.Nodes.DynamicBinaryStreamPipelineNode.Container">
            <summary>
            Script container
            </summary>
        </member>
        <member name="P:CANAPE.Nodes.DynamicBinaryStreamPipelineNode.State">
            <summary>
            The state for the node
            </summary>
        </member>
        <member name="M:CANAPE.Nodes.DynamicBinaryStreamPipelineNode.OnRead(CANAPE.Utils.PipelineStream)">
            <summary>
            Function called to handle the reading of the stream
            </summary>
            <param name="stm">The reading stream</param>
        </member>
        <member name="T:CANAPE.NodeFactories.DynamicNodeFactory">
            <summary>
            
            </summary>
        </member>
        <member name="P:CANAPE.NodeFactories.DynamicNodeFactory.ClassName">
            <summary>
            
            </summary>
        </member>
        <member name="P:CANAPE.NodeFactories.DynamicNodeFactory.Container">
            <summary>
            
            </summary>
        </member>
        <member name="P:CANAPE.NodeFactories.DynamicNodeFactory.State">
            <summary>
            
            </summary>
        </member>
        <member name="M:CANAPE.NodeFactories.DynamicNodeFactory.#ctor(System.String,System.Guid,CANAPE.Scripting.ScriptContainer,System.String,System.Object)">
            <summary>
            A factory object for a dynamic scripted node
            </summary>
            <param name="label">The node label</param>
            <param name="guid">The node guid</param>
            <param name="container">A container for the script code</param>
            <param name="classname">The name of the class to create</param>
            <param name="state">Node state</param>
        </member>
        <member name="M:CANAPE.NodeFactories.DynamicNodeFactory.OnCreate(CANAPE.Utils.Logger,CANAPE.Nodes.NetGraph,System.Collections.Generic.Dictionary{System.String,System.Object})">
            <summary>
            
            </summary>
            <returns></returns>
        </member>
    </members>
</doc>
