<?xml version="1.0"?>
<doc>
    <assembly>
        <name>CANAPE.Security</name>
    </assembly>
    <members>
        <member name="T:CANAPE.Security.AuthenticationCredentials">
            <summary>
            A class which holds an authentication username, password and domain
            </summary>
        </member>
        <member name="P:CANAPE.Security.AuthenticationCredentials.Username">
            <summary>
            The username
            </summary>
        </member>
        <member name="P:CANAPE.Security.AuthenticationCredentials.Password">
            <summary>
            The password
            </summary>
        </member>
        <member name="P:CANAPE.Security.AuthenticationCredentials.Domain">
            <summary>
            The domain
            </summary>
        </member>
        <member name="M:CANAPE.Security.AuthenticationCredentials.#ctor(System.String,System.String,System.String)">
            <summary>
            Constructor
            </summary>
            <param name="username">The username</param>
            <param name="domain">The domani</param>
            <param name="password">The password</param>
        </member>
        <member name="M:CANAPE.Security.AuthenticationCredentials.#ctor">
            <summary>
            Constructor
            </summary>
        </member>
        <member name="M:CANAPE.Security.AuthenticationCredentials.GetPrincipalName">
            <summary>
            Get the principal name, which is the name and/or the domain\username
            </summary>
            <returns></returns>
        </member>
        <member name="M:CANAPE.Security.Cryptography.X509Certificates.BouncyCastle.BCCertificateBuilder.CreateRSAKey(System.Int32,System.Boolean)">
            <summary>
            Create a new managed RSA key, persisted into a provider
            </summary>
            <param name="keySize">Size of key to create</param>
            <param name="signature">True to create a signature key, false for exchange</param>
            <returns>The new key</returns>
        </member>
        <member name="M:CANAPE.Security.Cryptography.X509Certificates.BouncyCastle.BCCertificateBuilder.GetRsaKeyPair(System.Security.Cryptography.RSACryptoServiceProvider)">
            <summary>
            Returns the RSA Key pair for a RSA CryptoServiceProvider
            Borrowed this small sample from .NET Crypto Extensions
            </summary>
            <param name="rsa">RSA CSP</param>
            <returns>RSA key pair</returns>
        </member>
        <member name="M:CANAPE.Security.Cryptography.X509Certificates.BouncyCastle.BCCertificateBuilder.CreateCert(System.Security.Cryptography.X509Certificates.X509Certificate2,System.Security.Cryptography.X509Certificates.X500DistinguishedName,System.Byte[],System.Boolean,System.Int32,CANAPE.Security.CertificateHashAlgorithm,System.DateTime,System.DateTime,System.Security.Cryptography.X509Certificates.X509ExtensionCollection)">
            <summary>
            Create a new certificate
            </summary>
            <param name="issuer">Issuer certificate, if null then self-sign</param>
            <param name="subjectName">Subject name</param>
            <param name="serialNumber">Serial number of certificate, if null then will generate a new one</param>
            <param name="signature">If true create an AT_SIGNATURE key, otherwise AT_EXCHANGE</param>
            <param name="keySize">Size of RSA key</param>
            <param name="notBefore">Start date of certificate</param>
            <param name="notAfter">End date of certificate</param>
            <param name="extensions">Array of extensions, if null then no extensions</param>
            <param name="hashAlgorithm">Specify the signature hash algorithm</param>
            <returns>The created X509 certificate</returns>
        </member>
        <member name="T:CANAPE.Security.Cryptography.X509Certificates.Win32.NativeCertificateBuilder">
            <summary>
            Class containing utility functions for certificates
            </summary>
        </member>
        <member name="M:CANAPE.Security.Cryptography.X509Certificates.Win32.NativeCertificateBuilder.DateTimeToFileTime(System.DateTime)">
            <summary>
            Convert a datetime to a FILETIME structure
            </summary>
            <param name="dt"></param>
            <returns></returns>
        </member>
        <member name="M:CANAPE.Security.Cryptography.X509Certificates.Win32.NativeCertificateBuilder.MarshalExtensions(System.Security.Cryptography.X509Certificates.X509Extension[])">
            <summary>
            Marshal array of extensions into one big buffer
            </summary>
            <param name="extensions">Array of extensions</param>
            <returns>An allocated buffer (from Marshal.AllocHGlobal) containing the data</returns>
        </member>
        <member name="M:CANAPE.Security.Cryptography.X509Certificates.Win32.NativeCertificateBuilder.EncodeExtension(System.String,System.Object,System.Boolean)">
            <summary>
            Encode an extension
            </summary>
            <param name="oid">The OID for the extension</param>
            <param name="str">The structure to encode</param>
            <param name="critical">Whether the extension is critical</param>
            <returns></returns>
        </member>
        <member name="M:CANAPE.Security.Cryptography.X509Certificates.Win32.NativeCertificateBuilder.CreateAuthorityKeyInfo2(System.Byte[],System.Security.Cryptography.X509Certificates.X500DistinguishedName,System.Security.Cryptography.RSACryptoServiceProvider)">
            <summary>
            Create an authority key info X509 extension
            </summary>
            <param name="serialNumber">Serial number of the info</param>
            <param name="issuer">Issuer subject name</param>
            <param name="key">RSA key</param>
            <returns>The constructed X509 extension</returns>
        </member>
        <member name="M:CANAPE.Security.Cryptography.X509Certificates.Win32.NativeCertificateBuilder.CreateAuthorityKeyInfo(System.Byte[],System.Security.Cryptography.X509Certificates.X500DistinguishedName,System.Security.Cryptography.RSACryptoServiceProvider)">
            <summary>
            Create an authority key info X509 extension
            </summary>
            <param name="serialNumber">Serial number of the info</param>
            <param name="issuer">Issuer subject name</param>
            <param name="key">RSA key</param>
            <returns>The constructed X509 extension</returns>
        </member>
        <member name="M:CANAPE.Security.Cryptography.X509Certificates.Win32.NativeCertificateBuilder.OpenRSAProvider(System.String,System.String)">
            <summary>
            Open an existing RSA CSP
            </summary>
            <param name="providerName">Name of the provider</param>
            <param name="containerName">Name of container</param>
            <exception cref="T:System.ComponentModel.Win32Exception"/>
            <returns>Handle to the crypt provider</returns>
        </member>
        <member name="M:CANAPE.Security.Cryptography.X509Certificates.Win32.NativeCertificateBuilder.HashPublicKeyInfo(System.Security.Cryptography.RSACryptoServiceProvider)">
            <summary>
            Hash public key info of a specified RSA key
            </summary>
            <param name="key"></param>
            <returns></returns>
        </member>
        <member name="M:CANAPE.Security.Cryptography.X509Certificates.Win32.NativeCertificateBuilder.CreateRSAKey(System.Int32,System.Boolean)">
            <summary>
            Create a new managed RSA key, persisted into a provider
            </summary>
            <param name="keySize">Size of key to create</param>
            <param name="signature">True to create a signature key, false for exchange</param>
            <returns>The new key</returns>
        </member>
        <member name="M:CANAPE.Security.Cryptography.X509Certificates.Win32.NativeCertificateBuilder.EncodeObject(System.String,System.Object)">
            <summary>
            Encode an arbitary crypto object
            </summary>
            <param name="objName">OID for the encoding</param>
            <param name="obj">The object to encode</param>
            <exception cref="T:System.ComponentModel.Win32Exception"/>
            <returns>The encoded object</returns>
        </member>
        <member name="M:CANAPE.Security.Cryptography.X509Certificates.Win32.NativeCertificateBuilder.ExportPublicKeyInfo(CANAPE.Security.Cryptography.X509Certificates.Win32.CryptoApiMethods.SafeCryptProviderHandle,System.Boolean)">
            <summary>
            Export the public RSA keyinfo from the current crypto provider
            </summary>
            <param name="hProv">Handle to the crypto provider</param>
            <param name="signature">Set to true for AT_SIGNATURE, false for AT_KEYEXCHANGE</param>
            <returns>An IntPtr pointing to the public key info structure</returns>
        </member>
        <member name="M:CANAPE.Security.Cryptography.X509Certificates.Win32.NativeCertificateBuilder.ExportPublicKeyInfo(System.Security.Cryptography.RSACryptoServiceProvider)">
            <summary>
            Export the public RSA keyinfo from the current crypto provider
            </summary>
            <param name="key">RSA Key</param>        
            <returns>An IntPtr pointing to the public key info structure</returns>
        </member>
        <member name="M:CANAPE.Security.Cryptography.X509Certificates.Win32.NativeCertificateBuilder.EncodeAndSignCertInfo(System.Security.Cryptography.RSACryptoServiceProvider,CANAPE.Security.Cryptography.X509Certificates.Win32.CryptoApiMethods.CERT_INFO,CANAPE.Security.CertificateHashAlgorithm)">
            <summary>
            Encode and sign a CERT_INFO structure
            </summary>
            <param name="key">Key to sign the certificate with</param>
            <param name="certInfo">The CERT_INFO structure to sign</param>
            <param name="hashAlgorithm"></param>
            <returns></returns>
        </member>
        <member name="M:CANAPE.Security.Cryptography.X509Certificates.Win32.NativeCertificateBuilder.EncodeAndSignCertInfo(CANAPE.Security.Cryptography.X509Certificates.Win32.CryptoApiMethods.SafeCryptProviderHandle,CANAPE.Security.Cryptography.X509Certificates.Win32.CryptoApiMethods.CERT_INFO,System.Boolean,CANAPE.Security.CertificateHashAlgorithm)">
            <summary>
            Encode and sign a CERT_INFO structure
            </summary>
            <param name="hProv"></param>
            <param name="certInfo"></param>
            <param name="signature">True encodes with a AT_SIGNATURE key, otherwise AT_EXCHANGE</param>
            <param name="hashAlgorithm"></param>
            <returns></returns>
        </member>
        <member name="M:CANAPE.Security.Cryptography.X509Certificates.Win32.NativeCertificateBuilder.CreateCert(System.Security.Cryptography.X509Certificates.X509Certificate2,System.Security.Cryptography.X509Certificates.X500DistinguishedName,System.Byte[],System.Boolean,System.Int32,CANAPE.Security.CertificateHashAlgorithm,System.DateTime,System.DateTime,System.Security.Cryptography.X509Certificates.X509ExtensionCollection)">
            <summary>
            Create a new certificate
            </summary>
            <param name="issuer">Issuer certificate, if null then self-sign</param>
            <param name="subjectName">Subject name</param>
            <param name="serialNumber">Serial number of certificate, if null then will generate a new one</param>
            <param name="signature">If true create an AT_SIGNATURE key, otherwise AT_EXCHANGE</param>
            <param name="keySize">Size of RSA key</param>
            <param name="notBefore">Start date of certificate</param>
            <param name="notAfter">End date of certificate</param>
            <param name="extensions">Array of extensions, if null then no extensions</param>
            <param name="hashAlgorithm">Specify the signature hash algorithm</param>
            <returns>The created X509 certificate</returns>
        </member>
        <member name="T:CANAPE.Security.Cryptography.X509Certificates.CertificateUtils">
            <summary>
            Static class containing utility functions for certificates, wraps the platform specific form (CryptAPI on Windows, mono specific)
            </summary>
        </member>
        <member name="M:CANAPE.Security.Cryptography.X509Certificates.CertificateUtils.GenerateSelfSignedCert(System.String,System.Boolean)">
            <summary>
            Generate a self signed certificate including a private key
            </summary>
            <param name="subject">The X500 subject string</param>
            <param name="signature">True create a cert with an AT_SIGNATURE key, otherwise AT_EXCHANGE</param>
            <returns>An X509Certificate2 object containing the full certificate</returns>
        </member>
        <member name="M:CANAPE.Security.Cryptography.X509Certificates.CertificateUtils.GenerateSelfSignedCert(System.String,System.Boolean,System.Int32,CANAPE.Security.CertificateHashAlgorithm)">
            <summary>
            Generate a self signed certificate including a private key
            </summary>
            <param name="subject">The X500 subject string</param>
            <param name="signature">True create a cert with an AT_SIGNATURE key, otherwise AT_EXCHANGE</param>
            <param name="rsaKeySize">Specify the RSA key size in bits</param>
            <param name="hashAlgorithm">Specify the signature hash algorithm</param>
            <returns>An X509Certificate2 object containing the full certificate</returns>
        </member>
        <member name="M:CANAPE.Security.Cryptography.X509Certificates.CertificateUtils.ExportToPEM(System.Security.Cryptography.X509Certificates.X509Certificate)">
            <summary>
            Export a certificate to a PEM format string
            </summary>
            <param name="cert">The certificate to export</param>
            <returns>A PEM encoded string</returns>
        </member>
        <member name="M:CANAPE.Security.Cryptography.X509Certificates.CertificateUtils.ExportToPEM(System.Security.Cryptography.RSA,System.Security.SecureString)">
            <summary>
            Export an RSA key to a PEM format string
            </summary>
            <param name="rsa">The RSA key to export (must be exportable)</param>
            <param name="password">An optional password</param>
            <returns>A PEM string form of the key</returns>
        </member>
        <member name="M:CANAPE.Security.Cryptography.X509Certificates.CertificateUtils.CreateRSAKeyFromXML(System.String,System.Boolean)">
            <summary>
            Create an RSA key from XML parameters
            </summary>
            <param name="xml">The XML format</param>
            <param name="signature">True to create a signature key, false for exchange</param>
            <returns>The created provider</returns>
        </member>
        <member name="M:CANAPE.Security.Cryptography.X509Certificates.CertificateUtils.CloneAndSignCertificate(System.Security.Cryptography.X509Certificates.X509Certificate,System.Security.Cryptography.X509Certificates.X509Certificate2,System.Boolean,System.Int32,CANAPE.Security.CertificateHashAlgorithm)">
            <summary>
            Take an existing certificate, clone its details and resign with a new root CA
            </summary>
            <param name="toClone">The certificate to clone</param>
            <param name="rootCert">The root CA certificate to sign with</param>
            <param name="newSerial">True to generate a new serial for this certificate</param>
            <param name="rsaKeySize">The size of the RSA key to generate</param>
            <param name="hashAlgorithm">Specify the signature hash algorithm</param>
            <returns></returns>
        </member>
        <member name="M:CANAPE.Security.Cryptography.X509Certificates.CertificateUtils.CloneAndSignCertificate(System.Security.Cryptography.X509Certificates.X509Certificate,System.Security.Cryptography.X509Certificates.X509Certificate2,System.Boolean)">
            <summary>
            Take an existing certificate, clone its details and resign with a new root CA
            </summary>
            <param name="toClone">The certificate to clone</param>
            <param name="rootCert">The root CA certificate to sign with</param>
            <param name="newSerial">True to generate a new serial for this certificate</param>        
            <returns></returns>
        </member>
        <member name="M:CANAPE.Security.Cryptography.X509Certificates.CertificateUtils.GenerateCACert(System.String,System.Int32,CANAPE.Security.CertificateHashAlgorithm)">
            <summary>
            Generate a self-signed CA certificate
            </summary>
            <param name="subject">The X500 subject string</param>
            <param name="rsaKeySize">The size of the RSA key to generate</param>
            <param name="hashAlgorithm">Specify the signature hash algorithm</param>
            <returns>An X509Certificate2 object containing the full certificate</returns>
        </member>
        <member name="M:CANAPE.Security.Cryptography.X509Certificates.CertificateUtils.GenerateCACert(System.String)">
            <summary>
            Generate a self-signed CA certificate
            </summary>
            <param name="subject">The X500 subject string</param>        
            <returns>An X509Certificate2 object containing the full certificate</returns>
        </member>
        <member name="M:CANAPE.Security.Cryptography.X509Certificates.CertificateUtils.IsProtectedPrivateKey(System.Security.Cryptography.X509Certificates.X509Certificate2)">
            <summary>
            Check if a certificate key is protected
            </summary>
            <param name="cert">The certificate</param>
            <returns>True if protected, otherwise false</returns>
        </member>
        <member name="M:CANAPE.Security.Cryptography.X509Certificates.CertificateUtils.ReloadProtectedPrivateKey(System.Security.Cryptography.X509Certificates.X509Certificate2,System.Security.SecureString)">
            <summary>
            Reload certificate private key if protected with a password
            </summary>
            <param name="cert">The certificate to reload</param>
            <param name="password">The secure password</param>
        </member>
        <member name="M:CANAPE.Security.Cryptography.X509Certificates.CertificateUtils.CreateCert(System.Security.Cryptography.X509Certificates.X509Certificate2,System.Security.Cryptography.X509Certificates.X500DistinguishedName,System.Byte[],System.Boolean,System.Int32,CANAPE.Security.CertificateHashAlgorithm,System.DateTime,System.DateTime,System.Security.Cryptography.X509Certificates.X509ExtensionCollection)">
            <summary>
            Create a new certificate
            </summary>
            <param name="issuer">Issuer certificate, if null then self-sign</param>
            <param name="subjectName">Subject name</param>
            <param name="serialNumber">Serial number of certificate, if null then will generate a new one</param>
            <param name="signature">If true create an AT_SIGNATURE key, otherwise AT_EXCHANGE</param>
            <param name="keySize">Size of RSA key</param>
            <param name="hashAlgorithm">The hash algorithm for the certificate</param>
            <param name="notBefore">Start date of certificate</param>
            <param name="notAfter">End date of certificate</param>
            <param name="extensions">Array of extensions, if null then no extensions</param>
            <returns>The created X509 certificate</returns>
        </member>
        <member name="M:CANAPE.Security.Cryptography.X509Certificates.CertificateUtils.FindCertByThumbprint(System.Security.Cryptography.X509Certificates.StoreName,System.Security.Cryptography.X509Certificates.StoreLocation,System.String)">
            <summary>
            Find a certificate from the certificate store matching the basic one passed
            </summary>
            <param name="storeName">The store to search</param>
            <param name="storeLocation">The store location</param>
            <param name="thumbprint">The thumbprint of the certificate in string format</param>
            <returns>The found certificate, or null if not found</returns>
        </member>
        <member name="M:CANAPE.Security.Cryptography.X509Certificates.CertificateUtils.FindCertBySubject(System.Security.Cryptography.X509Certificates.StoreName,System.Security.Cryptography.X509Certificates.StoreLocation,System.String)">
            <summary>
            Find a certificate from the certificate store with a matching subject name
            </summary>
            <param name="storeName">The store to search</param>
            <param name="storeLocation">The store location</param>
            <param name="subject">The subject name to find</param>
            <returns>The found certificate, or null if not found</returns>        
        </member>
        <member name="M:CANAPE.Security.Cryptography.X509Certificates.CertificateUtils.LoadCertFromOpenSslFile(System.String)">
            <summary>
            Load a certificate from an OpenSSL style file (PEM or DER)
            </summary>
            <param name="file">The file to load</param>
            <returns>The certificate, null if the file wasn't a certificate</returns>
        </member>
        <member name="M:CANAPE.Security.Cryptography.X509Certificates.CertificateUtils.LoadCertFromPfxFile(System.String,System.String)">
            <summary>
            Load a certificate from a PFX file with an optional password
            </summary>
            <param name="file">The file to load</param>
            <param name="password">Password for private key, null for no password</param>
            <returns>The certificate</returns>
        </member>
        <member name="M:CANAPE.Security.Cryptography.X509Certificates.CertificateUtils.LoadRsaKeyFromFile(System.String,System.String,System.Boolean)">
            <summary>
            Load an RSA private key from a OpenSSL style file (DER or PEM)
            </summary>
            <param name="keyFile">The file to load</param>
            <param name="password">The optional password</param>
            <param name="signature">Whether to load  the key as a signature or key exchange</param>
            <returns>The RSA algorithm object</returns>
        </member>
        <member name="T:CANAPE.Security.Cryptography.X509Certificates.X509CertificateContainer">
            <summary>
            A class to hold a reference to an X509 certificate and where it came from
            </summary>
        </member>
        <member name="M:CANAPE.Security.Cryptography.X509Certificates.X509CertificateContainer.ClearCertificateInfo">
            <summary>
            Clear all certificate information
            </summary>
        </member>
        <member name="P:CANAPE.Security.Cryptography.X509Certificates.X509CertificateContainer.PublicCertificate">
            <summary>
            Get the public certificate information, will not resolve the private key
            </summary>
        </member>
        <member name="P:CANAPE.Security.Cryptography.X509Certificates.X509CertificateContainer.Certificate">
            <summary>
            The actual certificate with private key, if key is protected will attempt to resolve the password
            </summary>
        </member>
        <member name="M:CANAPE.Security.Cryptography.X509Certificates.X509CertificateContainer.LoadCertificate(System.Security.Cryptography.X509Certificates.StoreName,System.Security.Cryptography.X509Certificates.StoreLocation,System.Security.Cryptography.X509Certificates.X509Certificate2)">
            <summary>
            Load a certificate from a store
            </summary>
            <param name="storeName">The store name</param>
            <param name="storeLocation">The store location</param>        
            <param name="cert">The certificate to load</param>
        </member>
        <member name="M:CANAPE.Security.Cryptography.X509Certificates.X509CertificateContainer.LoadCertificate(System.Security.Cryptography.X509Certificates.X509Certificate2)">
            <summary>
            Load a certificate which can be serialized
            </summary>
            <param name="cert">The certificate to load</param>
        </member>
        <member name="M:CANAPE.Security.Cryptography.X509Certificates.X509CertificateContainer.#ctor(System.Security.Cryptography.X509Certificates.X509Certificate2)">
            <summary>
            Constructor
            </summary>
            <param name="cert">The certificate to load</param>
        </member>
        <member name="M:CANAPE.Security.Cryptography.X509Certificates.X509CertificateContainer.#ctor(System.Security.Cryptography.X509Certificates.StoreName,System.Security.Cryptography.X509Certificates.StoreLocation,System.Security.Cryptography.X509Certificates.X509Certificate2)">
            <summary>
            Constructor
            </summary>
            <param name="storeName">The store name</param>
            <param name="storeLocation">The store location</param>        
            <param name="cert">The certificate to load</param>
        </member>
        <member name="M:CANAPE.Security.Cryptography.X509Certificates.X509CertificateContainer.GetPrincipalName">
            <summary>
            Get the principal name, which is the thumbprint for a certificate
            </summary>
            <returns>The principal name</returns>
        </member>
        <member name="T:CANAPE.Security.CertificateHashAlgorithm">
            <summary>
            Specify the hash algorithm when creating a certificate
            </summary>
        </member>
        <member name="F:CANAPE.Security.CertificateHashAlgorithm.Sha1">
            <summary>
            SHA1
            </summary>
        </member>
        <member name="F:CANAPE.Security.CertificateHashAlgorithm.Sha256">
            <summary>
            SHA256
            </summary>
        </member>
        <member name="F:CANAPE.Security.CertificateHashAlgorithm.Sha384">
            <summary>
            SHA384
            </summary>
        </member>
        <member name="F:CANAPE.Security.CertificateHashAlgorithm.Sha512">
            <summary>
            SHA512
            </summary>
        </member>
        <member name="F:CANAPE.Security.CertificateHashAlgorithm.Md5">
            <summary>
            MD5
            </summary>
        </member>
        <member name="T:CANAPE.Security.CredentialsManagerService">
            <summary>
            A service to provide authentication details
            </summary>
        </member>
        <member name="E:CANAPE.Security.CredentialsManagerService.ResolveCredentials">
            <summary>
            Event signaled to resolve credentials
            </summary>
        </member>
        <member name="M:CANAPE.Security.CredentialsManagerService.RequestCredentials(System.String,System.String,System.String,System.String)">
            <summary>
            Request credentials for a particular purpose
            </summary>
            <param name="type">The type of credentials, for example certificate</param>
            <param name="name">Principal name, e.g. a username, can be empty</param>
            <param name="realm">The principal realm, used to determine the target of the credentials, e.g. a domain</param>
            <param name="details">A textual description in case the user has to pick</param>
            <remarks>
            The type string can be one of:
            user or username - Returns AuthenticationCredentials
            cert or certificate or x509 - Returns an X509CertificateContainer
            A full type name for CANAPE.Security types
            A fully qualified assembly type name for any type including custom ones
            </remarks>
            <returns>The credentials object (depends on type)</returns>
        </member>
        <member name="M:CANAPE.Security.CredentialsManagerService.RequestCredentials``1(System.String,System.String,System.String)">
            <summary>
            Request credentials for a particular purpose
            </summary>
            <typeparam name="T">The type of credentials, for example X509Certificate</typeparam>
            <param name="name">Principal name, e.g. a username, can be empty</param>
            <param name="realm">The principal realm, used to determine the target of the credentials, e.g. a domain</param>
            <param name="details">A textual description in case the user has to pick</param>
            <returns>The credentials object (depends on type)</returns>
        </member>
        <member name="M:CANAPE.Security.CredentialsManagerService.RequestCredentials(System.Type,System.String,System.String,System.String,System.Func{CANAPE.Security.ICredentialObject,System.Object,System.Boolean},System.Object)">
            <summary>
            Request credentials for a particular purpose
            </summary>
            <param name="type">The type of credentials, for example X509CertificateContainer</param>
            <param name="name">Principal name, e.g. a username, can be empty</param>
            <param name="realm">The principal realm, used to determine the target of the credentials, e.g. a domain</param>
            <param name="details">A textual description in case the user has to pick</param>
            <param name="validateCredentials">A callback method to validate the credentials before placing them in the store, only called 
            when new credentials are requested, not cached (as they are assumed to be valid). Can be null</param>
            <param name="context">An arbitrary context, passed in to the function for use by the authenticator and the gathering of credentials</param>
            <returns>The credentials object (depends on type)</returns>
            <exception cref="T:System.ArgumentException">Thrown if type not derived from ICredentialObject</exception>
        </member>
        <member name="M:CANAPE.Security.CredentialsManagerService.AddCredentials(CANAPE.Security.SecurityPrincipal,CANAPE.Security.ICredentialObject)">
            <summary>
            Add a credentials object
            </summary>
            <param name="principal">The security principal</param>        
            <param name="credentials">The credentials object (depends on type)</param>
        </member>
        <member name="M:CANAPE.Security.CredentialsManagerService.RemoveCredentials(CANAPE.Security.SecurityPrincipal)">
            <summary>
            Remove a credentials object
            </summary>
            <param name="principal">The security principal</param>     
        </member>
        <member name="M:CANAPE.Security.CredentialsManagerService.Clear">
            <summary>
            Clear the cached credentials data
            </summary>
        </member>
        <member name="T:CANAPE.Security.ICredentialObject">
            <summary>
            An interface implemented by any credential object
            </summary>
        </member>
        <member name="M:CANAPE.Security.ICredentialObject.GetPrincipalName">
            <summary>
            'Get the principal name
            </summary>
            <returns>The name of the principal</returns>
        </member>
        <member name="T:CANAPE.Security.Properties.Resources">
            <summary>
              A strongly-typed resource class, for looking up localized strings, etc.
            </summary>
        </member>
        <member name="P:CANAPE.Security.Properties.Resources.ResourceManager">
            <summary>
              Returns the cached ResourceManager instance used by this class.
            </summary>
        </member>
        <member name="P:CANAPE.Security.Properties.Resources.Culture">
            <summary>
              Overrides the current thread's CurrentUICulture property for all
              resource lookups using this strongly typed resource class.
            </summary>
        </member>
        <member name="P:CANAPE.Security.Properties.Resources.CreateCert_NeedEncodedData">
            <summary>
              Looks up a localized string similar to All X509Extensions should contain encoded data.
            </summary>
        </member>
        <member name="P:CANAPE.Security.Properties.Resources.CreateCert_NoPrivateKey">
            <summary>
              Looks up a localized string similar to Signing certificate does not have a valid private key.
            </summary>
        </member>
        <member name="P:CANAPE.Security.Properties.Resources.CredentialsManagerService_TypeMustDeriveFromICredentialObject">
            <summary>
              Looks up a localized string similar to Type must derive from ICredentialObject interface.
            </summary>
        </member>
        <member name="P:CANAPE.Security.Properties.Resources.LoadCert_NeedPrivateKey">
            <summary>
              Looks up a localized string similar to Certificate should have a private key.
            </summary>
        </member>
        <member name="P:CANAPE.Security.Properties.Resources.LoadCertFromOpenSslFile_InvalidOpenSslCert">
            <summary>
              Looks up a localized string similar to Invalid OpenSSL style certificate.
            </summary>
        </member>
        <member name="P:CANAPE.Security.Properties.Resources.LoadRsaKeyFromFile_CannotDecryptKey">
            <summary>
              Looks up a localized string similar to Could not decrypt key file, check the password is correct.
            </summary>
        </member>
        <member name="P:CANAPE.Security.Properties.Resources.LoadRsaKeyFromFile_MalformedSequence">
            <summary>
              Looks up a localized string similar to Malformed sequence in RSA private key.
            </summary>
        </member>
        <member name="P:CANAPE.Security.Properties.Resources.NativeCertificateBuilder_InvalidHashAlgorithm">
            <summary>
              Looks up a localized string similar to Invalid hash algorithm for certificate.
            </summary>
        </member>
        <member name="P:CANAPE.Security.Properties.Resources.ReloadProtectedPrivateKey_NotPrivateKeyInCert">
            <summary>
              Looks up a localized string similar to Must specify a cert with a private key.
            </summary>
        </member>
        <member name="P:CANAPE.Security.Properties.Resources.ReloadProtectedPrivateKey_OnlySupportRSA">
            <summary>
              Looks up a localized string similar to Only supports RSA crypto provider keys.
            </summary>
        </member>
        <member name="P:CANAPE.Security.Properties.Resources.SecurityPrincipal_MustProvideRealm">
            <summary>
              Looks up a localized string similar to Must provide a realm for the principal.
            </summary>
        </member>
        <member name="P:CANAPE.Security.Properties.Resources.SecurityPrincipal_MustProvideType">
            <summary>
              Looks up a localized string similar to Must provide a type for the principal.
            </summary>
        </member>
        <member name="T:CANAPE.Security.ResolveCredentialsEventArgs">
            <summary>
            Argument for resolve credentials event
            </summary>
        </member>
        <member name="P:CANAPE.Security.ResolveCredentialsEventArgs.Result">
            <summary>
            Resolve credentials result
            </summary>
        </member>
        <member name="P:CANAPE.Security.ResolveCredentialsEventArgs.Principal">
            <summary>
            The security principal to query
            </summary>
        </member>
        <member name="P:CANAPE.Security.ResolveCredentialsEventArgs.Details">
            <summary>
            Additional details about the query (advisory)
            </summary>
        </member>
        <member name="P:CANAPE.Security.ResolveCredentialsEventArgs.Context">
            <summary>
            Context object for the request
            </summary>
        </member>
        <member name="M:CANAPE.Security.ResolveCredentialsEventArgs.#ctor(CANAPE.Security.SecurityPrincipal,System.String,System.Object)">
            <summary>
            Constructor
            </summary>
            <param name="principal">The security principal to resolve</param>
            <param name="details">Additional details</param>
            <param name="context">Context object for the request</param>
        </member>
        <member name="T:CANAPE.Security.ResolveCredentialsResult">
            <summary>
            Class to hold the result of a credentials resolve
            </summary>
        </member>
        <member name="P:CANAPE.Security.ResolveCredentialsResult.Credentials">
            <summary>
            The credentials object
            </summary>
        </member>
        <member name="P:CANAPE.Security.ResolveCredentialsResult.Cache">
            <summary>
            Set to ensure the credentials will be cached
            </summary>
        </member>
        <member name="M:CANAPE.Security.ResolveCredentialsResult.#ctor(CANAPE.Security.ICredentialObject)">
            <summary>
            Constructor
            </summary>
            <param name="credentials">The credentials</param>
        </member>
        <member name="M:CANAPE.Security.ResolveCredentialsResult.#ctor(CANAPE.Security.ICredentialObject,System.Boolean)">
            <summary>
            Constructor
            </summary>
            <param name="credentials">The credentials</param>
            <param name="cache">Whether to cache the credentials</param>
        </member>
        <member name="T:CANAPE.Security.SecurityPrincipal">
            <summary>
            A class which represents a security principal
            </summary>
            <remarks>Principals are case insensitive</remarks>
        </member>
        <member name="P:CANAPE.Security.SecurityPrincipal.PrincipalType">
            <summary>
            The type of principal, used to distinguish between types
            </summary>
        </member>
        <member name="P:CANAPE.Security.SecurityPrincipal.Name">
            <summary>
            Principal name
            </summary>
        </member>
        <member name="P:CANAPE.Security.SecurityPrincipal.Realm">
            <summary>
            Principal realm, for example the domain on which the authentication is used
            </summary>
        </member>
        <member name="M:CANAPE.Security.SecurityPrincipal.op_Equality(CANAPE.Security.SecurityPrincipal,CANAPE.Security.SecurityPrincipal)">
            <summary>
            Equals operator
            </summary>
            <param name="left">The left object</param>
            <param name="right">The right object</param>
            <returns>True if they are equal</returns>
        </member>
        <member name="M:CANAPE.Security.SecurityPrincipal.op_Inequality(CANAPE.Security.SecurityPrincipal,CANAPE.Security.SecurityPrincipal)">
            <summary>
            Not Equals operator
            </summary>
            <param name="left">The left object</param>
            <param name="right">The right object</param>
            <returns>True if they are equal</returns>
        </member>
        <member name="M:CANAPE.Security.SecurityPrincipal.#ctor(System.Type,System.String,System.String)">
            <summary>
            Constructor
            </summary>
            <param name="principalType">Principal type</param>
            <param name="name">Principal name, can contain wildcards</param>
            <param name="realm">Principal realm, can contain wildcards</param>
            <exception cref="T:System.ArgumentException">Thrown if principalType or realm are empty</exception>
        </member>
        <member name="M:CANAPE.Security.SecurityPrincipal.#ctor(System.Type,System.String)">
            <summary>
            Constructor
            </summary>
            <param name="principalType">Principal type</param>        
            <param name="realm">Principal realm</param>
            <exception cref="T:System.ArgumentException">Thrown if principalType or realm are empty</exception>
        </member>
        <member name="M:CANAPE.Security.SecurityPrincipal.GetHashCode">
            <summary>
            GetHashCode override
            </summary>
            <returns>The hash code of the object</returns>
        </member>
        <member name="M:CANAPE.Security.SecurityPrincipal.Equals(System.Object)">
            <summary>
            Equals override
            </summary>
            <param name="obj">The object to check against</param>
            <returns>True if equal</returns>
        </member>
        <member name="M:CANAPE.Security.SecurityPrincipal.ToString">
            <summary>
            ToString override
            </summary>
            <returns>The principal as a display string</returns>
        </member>
    </members>
</doc>
