<?xml version="1.0"?>
<doc>
    <assembly>
        <name>CANAPE.Net.Protocols</name>
    </assembly>
    <members>
        <member name="T:CANAPE.Net.Protocols.Parser.DNSPacket">
            <summary>
            A class to parse and reconstruct a DNS packet from an array
            </summary>
        </member>
        <member name="T:CANAPE.Net.Protocols.Parser.DNSPacket.DNSType">
            <summary>
            DNS type
            </summary>
        </member>
        <member name="F:CANAPE.Net.Protocols.Parser.DNSPacket.DNSType.A">
            <summary>
            A record
            </summary>
        </member>
        <member name="F:CANAPE.Net.Protocols.Parser.DNSPacket.DNSType.NS">
            <summary>
            NS record
            </summary>
        </member>
        <member name="F:CANAPE.Net.Protocols.Parser.DNSPacket.DNSType.MD">
            <summary>
            MS record
            </summary>
        </member>
        <member name="F:CANAPE.Net.Protocols.Parser.DNSPacket.DNSType.MF">
            <summary>
            MF record
            </summary>
        </member>
        <member name="F:CANAPE.Net.Protocols.Parser.DNSPacket.DNSType.CNAME">
            <summary>
            CNAME record
            </summary>
        </member>
        <member name="F:CANAPE.Net.Protocols.Parser.DNSPacket.DNSType.SOA">
            <summary>
            SOA record
            </summary>
        </member>
        <member name="F:CANAPE.Net.Protocols.Parser.DNSPacket.DNSType.MB">
            <summary>
            MB record
            </summary>
        </member>
        <member name="F:CANAPE.Net.Protocols.Parser.DNSPacket.DNSType.MG">
            <summary>
            MG record
            </summary>
        </member>
        <member name="F:CANAPE.Net.Protocols.Parser.DNSPacket.DNSType.MR">
            <summary>
            MR record
            </summary>
        </member>
        <member name="F:CANAPE.Net.Protocols.Parser.DNSPacket.DNSType.NULL">
            <summary>
            NULL record
            </summary>
        </member>
        <member name="F:CANAPE.Net.Protocols.Parser.DNSPacket.DNSType.WKS">
            <summary>
            WKS record
            </summary>
        </member>
        <member name="F:CANAPE.Net.Protocols.Parser.DNSPacket.DNSType.PTR">
            <summary>
            PTR record
            </summary>
        </member>
        <member name="F:CANAPE.Net.Protocols.Parser.DNSPacket.DNSType.HINFO">
            <summary>
            HINFO record
            </summary>
        </member>
        <member name="F:CANAPE.Net.Protocols.Parser.DNSPacket.DNSType.MINFO">
            <summary>
            MINFO record
            </summary>
        </member>
        <member name="F:CANAPE.Net.Protocols.Parser.DNSPacket.DNSType.MX">
            <summary>
            MX record
            </summary>
        </member>
        <member name="F:CANAPE.Net.Protocols.Parser.DNSPacket.DNSType.TXT">
            <summary>
            TXT record
            </summary>
        </member>
        <member name="F:CANAPE.Net.Protocols.Parser.DNSPacket.DNSType.AAAA">
            <summary>
            AAAA record
            </summary>
        </member>
        <member name="F:CANAPE.Net.Protocols.Parser.DNSPacket.DNSType.AXFR">
            <summary>
            AXFR record
            </summary>
        </member>
        <member name="F:CANAPE.Net.Protocols.Parser.DNSPacket.DNSType.MAILB">
            <summary>
            MAILB record
            </summary>
        </member>
        <member name="F:CANAPE.Net.Protocols.Parser.DNSPacket.DNSType.MAILA">
            <summary>
            MAILA record
            </summary>
        </member>
        <member name="F:CANAPE.Net.Protocols.Parser.DNSPacket.DNSType.AllRecords">
            <summary>
            A records
            </summary>
        </member>
        <member name="T:CANAPE.Net.Protocols.Parser.DNSPacket.DNSClass">
            <summary>
            DNS Class type
            </summary>
        </member>
        <member name="F:CANAPE.Net.Protocols.Parser.DNSPacket.DNSClass.IN">
            <summary>
            IN type
            </summary>
        </member>
        <member name="F:CANAPE.Net.Protocols.Parser.DNSPacket.DNSClass.CS">
            <summary>
            CS type
            </summary>
        </member>
        <member name="F:CANAPE.Net.Protocols.Parser.DNSPacket.DNSClass.CH">
            <summary>
            CH type
            </summary>
        </member>
        <member name="F:CANAPE.Net.Protocols.Parser.DNSPacket.DNSClass.HS">
            <summary>
            HS type
            </summary>
        </member>
        <member name="F:CANAPE.Net.Protocols.Parser.DNSPacket.DNSClass.AnyClass">
            <summary>
            Any class type
            </summary>
        </member>
        <member name="T:CANAPE.Net.Protocols.Parser.DNSPacket.DNSQuestion">
            <summary>
            DNS question
            </summary>
        </member>
        <member name="P:CANAPE.Net.Protocols.Parser.DNSPacket.DNSQuestion.QName">
            <summary>
            Name
            </summary>
        </member>
        <member name="P:CANAPE.Net.Protocols.Parser.DNSPacket.DNSQuestion.QType">
            <summary>
            Type
            </summary>
        </member>
        <member name="P:CANAPE.Net.Protocols.Parser.DNSPacket.DNSQuestion.QClass">
            <summary>
            Class
            </summary>
        </member>
        <member name="T:CANAPE.Net.Protocols.Parser.DNSPacket.DNSRRBase">
            <summary>
            Base resource record
            </summary>
        </member>
        <member name="P:CANAPE.Net.Protocols.Parser.DNSPacket.DNSRRBase.Name">
            <summary>
            Name
            </summary>
        </member>
        <member name="P:CANAPE.Net.Protocols.Parser.DNSPacket.DNSRRBase.Type">
            <summary>
            Type
            </summary>
        </member>
        <member name="P:CANAPE.Net.Protocols.Parser.DNSPacket.DNSRRBase.Class">
            <summary>
            Class
            </summary>
        </member>
        <member name="P:CANAPE.Net.Protocols.Parser.DNSPacket.DNSRRBase.TimeToLive">
            <summary>
            TTL
            </summary>
        </member>
        <member name="M:CANAPE.Net.Protocols.Parser.DNSPacket.DNSRRBase.ToWriter(CANAPE.DataFrames.DataWriter,System.Collections.Generic.Dictionary{System.String,System.Int32})">
            <summary>
            Write record to write
            </summary>
            <param name="writer">The writer</param>
            <param name="stringCache">String cache</param>
        </member>
        <member name="M:CANAPE.Net.Protocols.Parser.DNSPacket.DNSRRBase.WriteData(CANAPE.DataFrames.DataWriter,System.Collections.Generic.Dictionary{System.String,System.Int32})">
            <summary>
            Write extra data
            </summary>
            <param name="writer">Writer</param>
            <param name="stringCache">String cache</param>
        </member>
        <member name="T:CANAPE.Net.Protocols.Parser.DNSPacket.DNSOpcode">
            <summary>
            DNS opcode
            </summary>
        </member>
        <member name="F:CANAPE.Net.Protocols.Parser.DNSPacket.DNSOpcode.QUERY">
            <summary>
            Query
            </summary>
        </member>
        <member name="F:CANAPE.Net.Protocols.Parser.DNSPacket.DNSOpcode.IQUERY">
            <summary>
            IQuery
            </summary>
        </member>
        <member name="F:CANAPE.Net.Protocols.Parser.DNSPacket.DNSOpcode.STATUS">
            <summary>
            Status
            </summary>
        </member>
        <member name="T:CANAPE.Net.Protocols.Parser.DNSPacket.DNSRCode">
            <summary>
            DNS response code
            </summary>
        </member>
        <member name="F:CANAPE.Net.Protocols.Parser.DNSPacket.DNSRCode.NoError">
            <summary>
            No error
            </summary>
        </member>
        <member name="F:CANAPE.Net.Protocols.Parser.DNSPacket.DNSRCode.FormatError">
            <summary>
            Format error
            </summary>
        </member>
        <member name="F:CANAPE.Net.Protocols.Parser.DNSPacket.DNSRCode.ServerFailure">
            <summary>
            Server failure
            </summary>
        </member>
        <member name="F:CANAPE.Net.Protocols.Parser.DNSPacket.DNSRCode.NameError">
            <summary>
            Name error
            </summary>
        </member>
        <member name="F:CANAPE.Net.Protocols.Parser.DNSPacket.DNSRCode.NotImplemented">
            <summary>
            No implemented
            </summary>
        </member>
        <member name="F:CANAPE.Net.Protocols.Parser.DNSPacket.DNSRCode.Refused">
            <summary>
            Refused
            </summary>
        </member>
        <member name="T:CANAPE.Net.Protocols.Parser.DNSPacket.UnknownDNSRR">
            <summary>
            Unknown resource record
            </summary>
        </member>
        <member name="P:CANAPE.Net.Protocols.Parser.DNSPacket.UnknownDNSRR.RData">
            <summary>
            Extra data
            </summary>
        </member>
        <member name="M:CANAPE.Net.Protocols.Parser.DNSPacket.UnknownDNSRR.WriteData(CANAPE.DataFrames.DataWriter,System.Collections.Generic.Dictionary{System.String,System.Int32})">
            <summary>
            Write data block
            </summary>
            <param name="writer">The writer</param>
            <param name="stringCache">The string cache</param>
        </member>
        <member name="T:CANAPE.Net.Protocols.Parser.DNSPacket.CNameDNSRR">
            <summary>
            CNAME RR
            </summary>
        </member>
        <member name="P:CANAPE.Net.Protocols.Parser.DNSPacket.CNameDNSRR.CName">
            <summary>
            The CNAME
            </summary>
        </member>
        <member name="M:CANAPE.Net.Protocols.Parser.DNSPacket.CNameDNSRR.#ctor(System.Byte[],System.Byte[])">
            <summary>
            Constructor
            </summary>
            <param name="data"></param>
            <param name="rdata"></param>
        </member>
        <member name="M:CANAPE.Net.Protocols.Parser.DNSPacket.CNameDNSRR.#ctor">
            <summary>
            Constructor
            </summary>
        </member>
        <member name="M:CANAPE.Net.Protocols.Parser.DNSPacket.CNameDNSRR.WriteData(CANAPE.DataFrames.DataWriter,System.Collections.Generic.Dictionary{System.String,System.Int32})">
            <summary>
            Write data block
            </summary>
            <param name="writer">The writer</param>
            <param name="stringCache">The string cache</param>
        </member>
        <member name="T:CANAPE.Net.Protocols.Parser.DNSPacket.ADNSRR">
            <summary>
            
            </summary>
        </member>
        <member name="P:CANAPE.Net.Protocols.Parser.DNSPacket.ADNSRR.Address">
            <summary>
            
            </summary>
        </member>
        <member name="M:CANAPE.Net.Protocols.Parser.DNSPacket.ADNSRR.#ctor(System.Byte[])">
            <summary>
            
            </summary>
            <param name="rdata"></param>
        </member>
        <member name="M:CANAPE.Net.Protocols.Parser.DNSPacket.ADNSRR.#ctor">
            <summary>
            
            </summary>
        </member>
        <member name="M:CANAPE.Net.Protocols.Parser.DNSPacket.ADNSRR.WriteData(CANAPE.DataFrames.DataWriter,System.Collections.Generic.Dictionary{System.String,System.Int32})">
            <summary>
            Write data block
            </summary>
            <param name="writer">The writer</param>
            <param name="stringCache">The string cache</param>
        </member>
        <member name="T:CANAPE.Net.Protocols.Parser.DNSPacket.AAAADNSRR">
            <summary>
            
            </summary>
        </member>
        <member name="P:CANAPE.Net.Protocols.Parser.DNSPacket.AAAADNSRR.Address">
            <summary>
            
            </summary>
        </member>
        <member name="M:CANAPE.Net.Protocols.Parser.DNSPacket.AAAADNSRR.#ctor(System.Byte[])">
            <summary>
            
            </summary>
            <param name="rdata"></param>
        </member>
        <member name="M:CANAPE.Net.Protocols.Parser.DNSPacket.AAAADNSRR.#ctor">
            <summary>
            
            </summary>
        </member>
        <member name="M:CANAPE.Net.Protocols.Parser.DNSPacket.AAAADNSRR.WriteData(CANAPE.DataFrames.DataWriter,System.Collections.Generic.Dictionary{System.String,System.Int32})">
            <summary>
            Write data block
            </summary>
            <param name="writer">The writer</param>
            <param name="stringCache">The string cache</param>
        </member>
        <member name="T:CANAPE.Net.Protocols.Parser.DNSPacket.PTRDNSRR">
            <summary>
            
            </summary>
        </member>
        <member name="P:CANAPE.Net.Protocols.Parser.DNSPacket.PTRDNSRR.Ptr">
            <summary>
            
            </summary>
        </member>
        <member name="M:CANAPE.Net.Protocols.Parser.DNSPacket.PTRDNSRR.#ctor(System.Byte[],System.Byte[])">
            <summary>
            
            </summary>
            <param name="data"></param>
            <param name="rdata"></param>
        </member>
        <member name="M:CANAPE.Net.Protocols.Parser.DNSPacket.PTRDNSRR.#ctor">
            <summary>
            
            </summary>
        </member>
        <member name="M:CANAPE.Net.Protocols.Parser.DNSPacket.PTRDNSRR.WriteData(CANAPE.DataFrames.DataWriter,System.Collections.Generic.Dictionary{System.String,System.Int32})">
            <summary>
            Write data block
            </summary>
            <param name="writer">The writer</param>
            <param name="stringCache">The string cache</param>
        </member>
        <member name="P:CANAPE.Net.Protocols.Parser.DNSPacket.Id">
            <summary>
            Id field
            </summary>
        </member>
        <member name="P:CANAPE.Net.Protocols.Parser.DNSPacket.Query">
            <summary>
            Is query
            </summary>
        </member>
        <member name="P:CANAPE.Net.Protocols.Parser.DNSPacket.AuthoritiveAnswer">
            <summary>
            Is AA
            </summary>
        </member>
        <member name="P:CANAPE.Net.Protocols.Parser.DNSPacket.Opcode">
            <summary>
            DNS Opcode
            </summary>
        </member>
        <member name="P:CANAPE.Net.Protocols.Parser.DNSPacket.Truncation">
            <summary>
            If truncated
            </summary>
        </member>
        <member name="P:CANAPE.Net.Protocols.Parser.DNSPacket.RecursionDesired">
            <summary>
            Recursion desired
            </summary>
        </member>
        <member name="P:CANAPE.Net.Protocols.Parser.DNSPacket.RecursionAvailable">
            <summary>
            Recursion available
            </summary>
        </member>
        <member name="P:CANAPE.Net.Protocols.Parser.DNSPacket.ResponseCode">
            <summary>
            Response code
            </summary>
        </member>
        <member name="P:CANAPE.Net.Protocols.Parser.DNSPacket.Questions">
            <summary>
            List of questions
            </summary>
        </member>
        <member name="P:CANAPE.Net.Protocols.Parser.DNSPacket.Answers">
            <summary>
            List of answers
            </summary>
        </member>
        <member name="P:CANAPE.Net.Protocols.Parser.DNSPacket.NameServers">
            <summary>
            Name servers
            </summary>
        </member>
        <member name="P:CANAPE.Net.Protocols.Parser.DNSPacket.Additional">
            <summary>
            Additional records
            </summary>
        </member>
        <member name="M:CANAPE.Net.Protocols.Parser.DNSPacket.FromArray(System.Byte[])">
            <summary>
            Create from an array
            </summary>
            <param name="data">The data</param>
            <returns>The parsed DNS packet</returns>
        </member>
        <member name="M:CANAPE.Net.Protocols.Parser.DNSPacket.ToArray">
            <summary>
            Convert to an array
            </summary>
            <returns>The data</returns>
        </member>
        <member name="M:CANAPE.Net.Protocols.Parser.DNSPacket.FromDataKey(CANAPE.DataFrames.DataKey)">
            <summary>
            Convert from a data key
            </summary>
            <param name="key">The data key</param>
            <returns>The DNS Packet</returns>
        </member>
        <member name="M:CANAPE.Net.Protocols.Parser.DNSPacket.ToDataKey(CANAPE.DataFrames.DataKey)">
            <summary>
            Convert to a data key
            </summary>
            <param name="key">The data key</param>
        </member>
        <member name="T:CANAPE.Net.Protocols.Parser.HttpDataChunk">
            <summary>
            Class which represents a basic chunk of HTTP data
            </summary>
        </member>
        <member name="F:CANAPE.Net.Protocols.Parser.HttpDataChunk.DEFAULT_CHUNK_SIZE">
            <summary>
            Default chunk size
            </summary>
        </member>
        <member name="M:CANAPE.Net.Protocols.Parser.HttpDataChunk.#ctor(System.Collections.Generic.IEnumerable{CANAPE.Parser.KeyDataPair{System.String}},CANAPE.Net.Protocols.Parser.HttpVersion)">
            <summary>
            Constructor
            </summary>
            <param name="headers">List of headers</param>
            <param name="version">The HTTP version</param>
        </member>
        <member name="M:CANAPE.Net.Protocols.Parser.HttpDataChunk.#ctor">
            <summary>
            Constructor
            </summary>
        </member>
        <member name="M:CANAPE.Net.Protocols.Parser.HttpDataChunk.OnWriteHeader">
            <summary>
            Called when writing the header
            </summary>
            <returns>The string of data for the header</returns>
        </member>
        <member name="M:CANAPE.Net.Protocols.Parser.HttpDataChunk.CloseAfterBody">
            <summary>
            Method to determine if a connection should be closed after body is sent
            </summary>
            <returns>Defaults to false</returns>
        </member>
        <member name="M:CANAPE.Net.Protocols.Parser.HttpDataChunk.CanSendBody">
            <summary>
            Method to determine if this response/request can send a body at all (influenced by the content length)
            </summary>
            <returns></returns>
        </member>
        <member name="P:CANAPE.Net.Protocols.Parser.HttpDataChunk.Headers">
            <summary>
            The headers associated with this chunk
            </summary>
        </member>
        <member name="P:CANAPE.Net.Protocols.Parser.HttpDataChunk.Version">
            <summary>
            Indicates the version of HTTP to use
            </summary>
        </member>
        <member name="P:CANAPE.Net.Protocols.Parser.HttpDataChunk.Body">
            <summary>
            The data associated with this chunk
            </summary>
        </member>
        <member name="M:CANAPE.Net.Protocols.Parser.HttpDataChunk.GetBodyString">
            <summary>
            Get the body as a string
            </summary>
        </member>
        <member name="M:CANAPE.Net.Protocols.Parser.HttpDataChunk.SetBodyString(System.String)">
            <summary>
            Set the body as a string
            </summary>
            <param name="body">The body string</param>
        </member>
        <member name="P:CANAPE.Net.Protocols.Parser.HttpDataChunk.ChunkNumber">
            <summary>
            The number of the chunk, starting from 0
            </summary>
        </member>
        <member name="P:CANAPE.Net.Protocols.Parser.HttpDataChunk.FinalChunk">
            <summary>
            Indicates if this chunk is the final one (buffered packets set ChunkNumber to 0 and FinalChunk to true)
            </summary>
        </member>
        <member name="P:CANAPE.Net.Protocols.Parser.HttpDataChunk.ChunkedEncoding">
            <summary>
            Indicates if this chunk is based on chunked encoding
            </summary>
        </member>
        <member name="P:CANAPE.Net.Protocols.Parser.HttpDataChunk.ChunkExtension">
            <summary>
            String representing any chunk extension
            </summary>
        </member>
        <member name="M:CANAPE.Net.Protocols.Parser.HttpDataChunk.AddHeader(System.String,System.String)">
            <summary>
            Add a header to the chunk
            </summary>
            <param name="header">The header name</param>
            <param name="value">The value of the header</param>
        </member>
        <member name="M:CANAPE.Net.Protocols.Parser.HttpDataChunk.RemoveHeader(System.String)">
            <summary>
            Remove a header from the chunk
            </summary>
            <param name="header">The header to remove</param>
        </member>
        <member name="M:CANAPE.Net.Protocols.Parser.HttpDataChunk.FilterContentLength">
            <summary>
            Called to determine if content length should be filtered
            </summary>
            <returns></returns>
        </member>
        <member name="M:CANAPE.Net.Protocols.Parser.HttpDataChunk.WriteChunk(CANAPE.DataFrames.DataWriter)">
            <summary>
            Write the check to a data writer
            </summary>
            <param name="writer">The writer to write to</param>        
        </member>
        <member name="M:CANAPE.Net.Protocols.Parser.HttpDataChunk.ToNode">
            <summary>
            Convert to a node with a default name of 'HttpChunk'
            </summary>
            <returns>The node</returns>
        </member>
        <member name="M:CANAPE.Net.Protocols.Parser.HttpDataChunk.ToNode(System.String)">
            <summary>
            Method to convert the chunk to a node
            </summary>
            <param name="name">The name of the node</param>
            <returns>The data node</returns>
        </member>
        <member name="T:CANAPE.Net.Protocols.Parser.HttpParser">
            <summary>
            HTTP parser implementation     
            </summary>
        </member>
        <member name="M:CANAPE.Net.Protocols.Parser.HttpParser.HasHeader(System.Collections.Generic.IEnumerable{CANAPE.Parser.KeyDataPair{System.String}},System.String,System.String[])">
            <summary>
            Check if 
            </summary>
            <param name="headers">The list of headers</param>
            <param name="header">The header to find</param>
            <param name="values">Optional list of values to match</param>
            <returns>True if the header exists and contains at least one of these values</returns>
        </member>
        <member name="M:CANAPE.Net.Protocols.Parser.HttpParser.GetHeaderValues(System.Collections.Generic.IEnumerable{CANAPE.Parser.KeyDataPair{System.String}},System.String)">
            <summary>
            Get a list of header values for a particular header
            </summary>
            <param name="headers">The list of headers</param>
            <param name="header">The header to find</param>
            <returns>A list of values</returns>
        </member>
        <member name="M:CANAPE.Net.Protocols.Parser.HttpParser.ReadRequestHeader(CANAPE.DataFrames.DataReader,System.Boolean,CANAPE.Utils.Logger)">
            <summary>
            Read a request header
            </summary>
            <param name="reader">The reader to use</param>
            <param name="strictParsing">Use strict parsing rules</param>
            <param name="logger">The logger to write errors to</param>            
            <exception cref="T:System.IO.EndOfStreamException">Thrown when stream ends</exception>
            <returns>The request header object</returns>
        </member>
        <member name="M:CANAPE.Net.Protocols.Parser.HttpParser.ReadRequestHeader(CANAPE.DataFrames.DataReader,System.Boolean,CANAPE.Utils.Logger,System.Char[])">
            <summary>
            Read a request header
            </summary>
            <param name="reader">The reader to use</param>
            <param name="strictParsing">Use strict parsing rules</param>
            <param name="logger">The logger to write errors to</param>    
            <param name="prefix">Some prefix characters, if null then just reads whole line</param>
            <exception cref="T:System.IO.EndOfStreamException">Thrown when stream ends</exception>
            <returns>The request header object</returns>
        </member>
        <member name="M:CANAPE.Net.Protocols.Parser.HttpParser.ReadResponseHeader(CANAPE.DataFrames.DataReader,System.Boolean,CANAPE.Utils.Logger)">
            <summary>
            Read the response header
            </summary>
            <param name="reader">The data reader to read from</param>        
            <param name="strictParsing">Use strict parsing rules</param>
            <param name="logger">The logger to write errors to</param>
            <exception cref="T:System.IO.EndOfStreamException">Thrown when stream ends</exception>
            <returns>The http response header</returns>
        </member>
        <member name="T:CANAPE.Net.Protocols.Parser.HttpParserConfig">
            <summary>
            Configuration for HTTP reading
            </summary>
        </member>
        <member name="P:CANAPE.Net.Protocols.Parser.HttpParserConfig.StreamBody">
            <summary>
            If true body will be streamed rather than buffered up
            </summary>
        </member>
        <member name="P:CANAPE.Net.Protocols.Parser.HttpParserConfig.StreamChunkSize">
            <summary>
            Specify how big a chunk to read in per chunk when in streaming mode, set to 0 to disable which
            will send data with no buffering, this is advisory, it won't work in chunked encoding, 
            and you might have short reads sometimes
            </summary>
        </member>
        <member name="P:CANAPE.Net.Protocols.Parser.HttpParserConfig.StrictParsing">
            <summary>
            If true then applies stricter parsing on the data, will cause more requests to fail
            </summary>
        </member>
        <member name="P:CANAPE.Net.Protocols.Parser.HttpParserConfig.ConvertToChunked">
            <summary>
            Convert HTTP/1.1 content-length format response to chunked encoding (for easier manipulation)
            Only applicable if StreamBody has been set, otherwise the entire body is buffered anyway
            </summary>
        </member>
        <member name="P:CANAPE.Net.Protocols.Parser.HttpParserConfig.DowngradeChunkedToHttp10">
            <summary>
            Convert HTTP/1.1 chunked encoding response to streamed 1.0 (or lower) with no content-length
            </summary>
        </member>
        <member name="M:CANAPE.Net.Protocols.Parser.HttpParserConfig.#ctor">
            <summary>
            Constructor
            </summary>
        </member>
        <member name="T:CANAPE.Net.Protocols.Parser.HttpRequestDataChunk">
            <summary>
            A data chunk for a request
            </summary>
        </member>
        <member name="M:CANAPE.Net.Protocols.Parser.HttpRequestDataChunk.#ctor">
            <summary>
            Public constructor
            </summary>
        </member>
        <member name="P:CANAPE.Net.Protocols.Parser.HttpRequestDataChunk.Method">
            <summary>
            Request method
            </summary>
        </member>
        <member name="P:CANAPE.Net.Protocols.Parser.HttpRequestDataChunk.Path">
            <summary>
            Request path
            </summary>
        </member>
        <member name="M:CANAPE.Net.Protocols.Parser.HttpRequestDataChunk.ToHeader">
            <summary>
            Convert to a HTTP header
            </summary>
            <returns></returns>
        </member>
        <member name="M:CANAPE.Net.Protocols.Parser.HttpRequestDataChunk.OnWriteHeader">
            <summary>
            Called when writing the header
            </summary>
            <returns>The string of data for the header</returns>
        </member>
        <member name="M:CANAPE.Net.Protocols.Parser.HttpRequestDataChunk.CloseAfterBody">
            <summary>
            
            </summary>
            <returns></returns>
        </member>
        <member name="M:CANAPE.Net.Protocols.Parser.HttpRequestDataChunk.CanSendBody">
            <summary>
            
            </summary>
            <returns></returns>
        </member>
        <member name="M:CANAPE.Net.Protocols.Parser.HttpRequestDataChunk.ToNode(System.String)">
            <summary>
            
            </summary>
            <param name="name"></param>
            <returns></returns>
        </member>
        <member name="T:CANAPE.Net.Protocols.Parser.HttpRequestHeader">
            <summary>
            The header for a HTTP request
            </summary>
        </member>
        <member name="P:CANAPE.Net.Protocols.Parser.HttpRequestHeader.Method">
            <summary>
            
            </summary>
        </member>
        <member name="P:CANAPE.Net.Protocols.Parser.HttpRequestHeader.Path">
            <summary>
            
            </summary>
        </member>
        <member name="P:CANAPE.Net.Protocols.Parser.HttpRequestHeader.Version">
            <summary>
            
            </summary>
        </member>
        <member name="P:CANAPE.Net.Protocols.Parser.HttpRequestHeader.Headers">
            <summary>
            
            </summary>
        </member>
        <member name="P:CANAPE.Net.Protocols.Parser.HttpRequestHeader.ContentLength">
            <summary>
            
            </summary>
        </member>
        <member name="P:CANAPE.Net.Protocols.Parser.HttpRequestHeader.IsGet">
            <summary>
            
            </summary>
        </member>
        <member name="P:CANAPE.Net.Protocols.Parser.HttpRequestHeader.IsHead">
            <summary>
            
            </summary>
        </member>
        <member name="P:CANAPE.Net.Protocols.Parser.HttpRequestHeader.IsConnect">
            <summary>
            
            </summary>
        </member>
        <member name="M:CANAPE.Net.Protocols.Parser.HttpRequestHeader.ReadChunks(CANAPE.Net.Protocols.Parser.HttpParserConfig)">
            <summary>
            Read chunks from stream
            </summary>        
            <returns>An enumerable list of chunks</returns>
        </member>
        <member name="M:CANAPE.Net.Protocols.Parser.HttpRequestHeader.ReadFrames(CANAPE.Net.Protocols.Parser.HttpParserConfig)">
            <summary>
            Read frames from sttream
            </summary>
            <param name="config">An enumerable list of frames</param>
            <returns>The frames</returns>
        </member>
        <member name="M:CANAPE.Net.Protocols.Parser.HttpRequestHeader.ReadRequest">
            <summary>
            Read the entire request body
            </summary>
            <returns>The request data chunk for the request</returns>
        </member>
        <member name="T:CANAPE.Net.Protocols.Parser.HttpResponseDataChunk">
            <summary>
            
            </summary>
        </member>
        <member name="P:CANAPE.Net.Protocols.Parser.HttpResponseDataChunk.ResponseCode">
            <summary>
            
            </summary>
        </member>
        <member name="P:CANAPE.Net.Protocols.Parser.HttpResponseDataChunk.Message">
            <summary>
            
            </summary>
        </member>
        <member name="P:CANAPE.Net.Protocols.Parser.HttpResponseDataChunk.HeadResponse">
            <summary>
            
            </summary>
        </member>
        <member name="P:CANAPE.Net.Protocols.Parser.HttpResponseDataChunk.ConnectResponse">
            <summary>
            
            </summary>
        </member>
        <member name="M:CANAPE.Net.Protocols.Parser.HttpResponseDataChunk.#ctor">
            <summary>
            
            </summary>
        </member>
        <member name="M:CANAPE.Net.Protocols.Parser.HttpResponseDataChunk.OnWriteHeader">
            <summary>
            
            </summary>
            <returns></returns>
        </member>
        <member name="M:CANAPE.Net.Protocols.Parser.HttpResponseDataChunk.CanSendBody">
            <summary>
            
            </summary>
            <returns></returns>
        </member>
        <member name="M:CANAPE.Net.Protocols.Parser.HttpResponseDataChunk.FilterContentLength">
            <summary>
            
            </summary>
            <returns></returns>
        </member>
        <member name="M:CANAPE.Net.Protocols.Parser.HttpResponseDataChunk.ToNode(System.String)">
            <summary>
            
            </summary>
            <param name="name"></param>
            <returns></returns>
        </member>
        <member name="T:CANAPE.Net.Protocols.Parser.HttpResponseHeader">
            <summary>
            Class representing the HTTP response header
            </summary>
        </member>
        <member name="P:CANAPE.Net.Protocols.Parser.HttpResponseHeader.ResponseCode">
            <summary>
            
            </summary>
        </member>
        <member name="P:CANAPE.Net.Protocols.Parser.HttpResponseHeader.Message">
            <summary>
            
            </summary>
        </member>
        <member name="P:CANAPE.Net.Protocols.Parser.HttpResponseHeader.Version">
            <summary>
            
            </summary>
        </member>
        <member name="P:CANAPE.Net.Protocols.Parser.HttpResponseHeader.Headers">
            <summary>
            
            </summary>
        </member>
        <member name="P:CANAPE.Net.Protocols.Parser.HttpResponseHeader.ContentLength">
            <summary>
            
            </summary>
        </member>
        <member name="P:CANAPE.Net.Protocols.Parser.HttpResponseHeader.ChunkedEncoding">
            <summary>
            
            </summary>
        </member>
        <member name="P:CANAPE.Net.Protocols.Parser.HttpResponseHeader.ReadToEnd">
            <summary>
            
            </summary>
        </member>
        <member name="P:CANAPE.Net.Protocols.Parser.HttpResponseHeader.HasBody">
            <summary>
            
            </summary>
        </member>
        <member name="P:CANAPE.Net.Protocols.Parser.HttpResponseHeader.HeadRequest">
            <summary>
            
            </summary>
        </member>
        <member name="P:CANAPE.Net.Protocols.Parser.HttpResponseHeader.ConnectRequest">
            <summary>
            
            </summary>
        </member>
        <member name="M:CANAPE.Net.Protocols.Parser.HttpResponseHeader.SetHeadRequest(System.Boolean)">
            <summary>
            Set the response as originating from a head request
            </summary>
            <param name="head"></param>
        </member>
        <member name="M:CANAPE.Net.Protocols.Parser.HttpResponseHeader.SetConnectRequest(System.Boolean)">
            <summary>
            Set the response as originating from a connect request
            </summary>
            <param name="connect"></param>
        </member>
        <member name="P:CANAPE.Net.Protocols.Parser.HttpResponseHeader.Is100Continue">
            <summary>
            Indicates this is a 100 continue
            </summary>
        </member>
        <member name="P:CANAPE.Net.Protocols.Parser.HttpResponseHeader.IsUpgradeResponse">
            <summary>
            Indicates this is an upgrade response
            </summary>
        </member>
        <member name="M:CANAPE.Net.Protocols.Parser.HttpResponseHeader.ReadChunks(CANAPE.Net.Protocols.Parser.HttpParserConfig)">
            <summary>
            TODO: Implement chunking
            </summary>        
            <returns>An enumerable list of chunks</returns>
        </member>
        <member name="M:CANAPE.Net.Protocols.Parser.HttpResponseHeader.ReadFrames(CANAPE.Net.Protocols.Parser.HttpParserConfig)">
            <summary>
            Read frames from stream
            </summary>
            <param name="config">An enumerable list of frames</param>
            <returns>The frames</returns>
        </member>
        <member name="T:CANAPE.Net.Protocols.Parser.HttpStreamParserException">
            <summary>
            Exception encountered during a HTTP parse operation
            </summary>
        </member>
        <member name="M:CANAPE.Net.Protocols.Parser.HttpStreamParserException.#ctor">
            <summary>
            Constructor
            </summary>
        </member>
        <member name="M:CANAPE.Net.Protocols.Parser.HttpStreamParserException.#ctor(System.String)">
            <summary>
            Constructor
            </summary>
            <param name="message">Exception message</param>
        </member>
        <member name="M:CANAPE.Net.Protocols.Parser.HttpStreamParserException.#ctor(System.String,System.Exception)">
            <summary>
            Constructor
            </summary>
            <param name="message">Exception message</param>
            <param name="innerException">Inner exception</param>
        </member>
        <member name="T:CANAPE.Net.Protocols.Parser.HttpVersion">
            <summary>
            The version of a HTTP request
            </summary>
        </member>
        <member name="M:CANAPE.Net.Protocols.Parser.HttpVersion.Parse(System.String)">
            <summary>
            Parse a string to a version
            </summary>
            <param name="version">The version string (should be HTTP/X.Y)</param>
            <returns>The version as parsed</returns>
            <exception cref="T:System.FormatException">Thrown if the string is not a valid HTTP version</exception>
        </member>
        <member name="M:CANAPE.Net.Protocols.Parser.HttpVersion.TryParse(System.String,CANAPE.Net.Protocols.Parser.HttpVersion@)">
            <summary>
            Try and parse a string to a version
            </summary>
            <param name="version">The version string (should be HTTP/X.Y)</param>
            <param name="ret">The output parameter for the version</param>
            <returns>True if successfully parsed the verison</returns>        
        </member>
        <member name="P:CANAPE.Net.Protocols.Parser.HttpVersion.IsVersion10">
            <summary>
            Returns true if this is version 1.0
            </summary>
        </member>
        <member name="P:CANAPE.Net.Protocols.Parser.HttpVersion.IsVersion11">
            <summary>
            Returns true if this is version 1.1
            </summary>
        </member>
        <member name="P:CANAPE.Net.Protocols.Parser.HttpVersion.IsVersionUnknown">
            <summary>
            Returns true if this is an unknown version
            </summary>
        </member>
        <member name="P:CANAPE.Net.Protocols.Parser.HttpVersion.Version10">
            <summary>
            Get a version 1.0 object
            </summary>
        </member>
        <member name="P:CANAPE.Net.Protocols.Parser.HttpVersion.Version11">
            <summary>
            Get a version 1.1 object
            </summary>
        </member>
        <member name="P:CANAPE.Net.Protocols.Parser.HttpVersion.VersionUnknown">
            <summary>
            Get an unknown version object
            </summary>
        </member>
        <member name="M:CANAPE.Net.Protocols.Parser.HttpVersion.Equals(System.Object)">
            <summary>
            Overridden Equals
            </summary>
            <param name="obj">The object to check against</param>
            <returns>True if the object is equal</returns>
        </member>
        <member name="M:CANAPE.Net.Protocols.Parser.HttpVersion.GetHashCode">
            <summary>
            Overridden hash code
            </summary>
            <returns>The hash code</returns>
        </member>
        <member name="M:CANAPE.Net.Protocols.Parser.HttpVersion.#ctor(System.Int32,System.Int32)">
            <summary>
            Constructor
            </summary>
            <param name="major">The major version</param>
            <param name="minor">The minor version</param>
        </member>
        <member name="F:CANAPE.Net.Protocols.Parser.HttpVersion.Major">
            <summary>
            The major version
            </summary>
        </member>
        <member name="F:CANAPE.Net.Protocols.Parser.HttpVersion.Minor">
            <summary>
            The minor version
            </summary>
        </member>
        <member name="M:CANAPE.Net.Protocols.Parser.HttpVersion.ToString">
            <summary>
            Overridden to string method
            </summary>
            <returns></returns>
        </member>
        <member name="T:CANAPE.Net.Protocols.Properties.Resources">
            <summary>
              A strongly-typed resource class, for looking up localized strings, etc.
            </summary>
        </member>
        <member name="P:CANAPE.Net.Protocols.Properties.Resources.ResourceManager">
            <summary>
              Returns the cached ResourceManager instance used by this class.
            </summary>
        </member>
        <member name="P:CANAPE.Net.Protocols.Properties.Resources.Culture">
            <summary>
              Overrides the current thread's CurrentUICulture property for all
              resource lookups using this strongly typed resource class.
            </summary>
        </member>
        <member name="P:CANAPE.Net.Protocols.Properties.Resources.HttpParser_InvalidContentLength">
            <summary>
              Looks up a localized string similar to Invalid content length value of &apos;{0}&apos; expecting number.
            </summary>
        </member>
        <member name="P:CANAPE.Net.Protocols.Properties.Resources.HttpParser_InvalidHeaderException">
            <summary>
              Looks up a localized string similar to Invalid HTTP header encountered during parse &apos;{0}&apos;.
            </summary>
        </member>
        <member name="P:CANAPE.Net.Protocols.Properties.Resources.HttpParser_InvalidHttpResponseCode">
            <summary>
              Looks up a localized string similar to The HTTP response code is invalid.
            </summary>
        </member>
        <member name="P:CANAPE.Net.Protocols.Properties.Resources.HttpParser_InvalidHttpVersionString">
            <summary>
              Looks up a localized string similar to Invalid HTTP version string encountered.
            </summary>
        </member>
        <member name="P:CANAPE.Net.Protocols.Properties.Resources.HttpParser_MissingMethodAndPath">
            <summary>
              Looks up a localized string similar to Missing method and path in frame.
            </summary>
        </member>
        <member name="P:CANAPE.Net.Protocols.Properties.Resources.HttpParser_NoVersionResponseException">
            <summary>
              Looks up a localized string similar to Missing version and response code in frame.
            </summary>
        </member>
        <member name="P:CANAPE.Net.Protocols.Properties.Resources.HttpParser_RequestHeaderInvalid">
            <summary>
              Looks up a localized string similar to Request header is invalid &apos;{0}&apos;.
            </summary>
        </member>
        <member name="P:CANAPE.Net.Protocols.Properties.Resources.HttpParser_ResponseHeaderInvalid">
            <summary>
              Looks up a localized string similar to Response header is invalid &apos;{0}&apos;.
            </summary>
        </member>
        <member name="P:CANAPE.Net.Protocols.Properties.Resources.HttpParser_StrictParsingInvalidLineEnd">
            <summary>
              Looks up a localized string similar to Invalid line ending encountered during strict parsing.
            </summary>
        </member>
        <member name="P:CANAPE.Net.Protocols.Properties.Resources.HttpVersion_InvalidVersionString">
            <summary>
              Looks up a localized string similar to Invalid version string.
            </summary>
        </member>
        <member name="T:CANAPE.Net.Protocols.Server.BaseHttpDataServer`1">
            <summary>
            Base HTTP server
            </summary>
            <typeparam name="T">The configuration type</typeparam>
        </member>
        <member name="T:CANAPE.Net.Protocols.Server.BaseHttpDataServerRef`2">
            <summary>
            Base HTTP Data Server class with persistence
            </summary>
            <typeparam name="T">Type of configuration class to persist</typeparam>
            <typeparam name="R">Reference type to access the configuration</typeparam>
        </member>
        <member name="M:CANAPE.Net.Protocols.Server.BaseHttpDataServerRef`2.HandleRequest(System.String,System.String,System.Byte[],System.Collections.Generic.Dictionary{System.String,System.String},CANAPE.Net.Protocols.Parser.HttpVersion,CANAPE.Utils.Logger)">
            <summary>
            Handle a HTTP request
            </summary>
            <param name="method">The HTTP method</param>
            <param name="path">The HTTP path</param>
            <param name="body">The body of the data</param>
            <param name="headers">A dictionary of headers</param>
            <param name="version">HTTP version</param>
            <param name="logger">A logger to log data to</param>
            <returns>A HTTP response data object, or null if no response</returns>
        </member>
        <member name="M:CANAPE.Net.Protocols.Server.BaseHttpDataServerRef`2.Run(CANAPE.DataAdapters.IDataAdapter,CANAPE.Utils.Logger)">
            <summary>
            Run the end point
            </summary>
            <param name="adapter">The data adapter</param>
            <param name="logger">The logger to log data to</param>
        </member>
        <member name="P:CANAPE.Net.Protocols.Server.BaseHttpDataServerRef`2.Description">
            <summary>
            Description of the server
            </summary>
        </member>
        <member name="T:CANAPE.Net.Protocols.Server.DynamicHttpDataServer">
            <summary>
            Base class for a dynamic HTTP server
            </summary>
        </member>
        <member name="T:CANAPE.Net.Protocols.Server.HttpServerResponseData">
            <summary>
            Response data for HTTP server implementation
            </summary>
        </member>
        <member name="P:CANAPE.Net.Protocols.Server.HttpServerResponseData.ResponseCode">
            <summary>
            Response code
            </summary>
        </member>
        <member name="P:CANAPE.Net.Protocols.Server.HttpServerResponseData.Message">
            <summary>
            Response message
            </summary>
        </member>
        <member name="P:CANAPE.Net.Protocols.Server.HttpServerResponseData.Body">
            <summary>
            Response body
            </summary>
        </member>
        <member name="P:CANAPE.Net.Protocols.Server.HttpServerResponseData.BodyString">
            <summary>
            Response body as a binary string
            </summary>
        </member>
        <member name="P:CANAPE.Net.Protocols.Server.HttpServerResponseData.Headers">
            <summary>
            Response headers
            </summary>
        </member>
        <member name="P:CANAPE.Net.Protocols.Server.HttpServerResponseData.CloseAfterSending">
            <summary>
            Close after sending
            </summary>
        </member>
        <member name="M:CANAPE.Net.Protocols.Server.HttpServerResponseData.#ctor">
            <summary>
            Constructor
            </summary>
        </member>
        <member name="M:CANAPE.Net.Protocols.Server.HttpServerResponseData.#ctor(System.Collections.Generic.IDictionary{System.String,System.String})">
            <summary>
            Constructor
            </summary>
            <param name="headers">Dictionary of headers</param>
        </member>
        <member name="M:CANAPE.Net.Protocols.Server.HttpServerResponseData.#ctor(System.Byte[],System.Collections.Generic.IDictionary{System.String,System.String})">
            <summary>
            Constructor from a body
            </summary>
            <param name="body">The body data</param>
            <param name="headers">Dictionary of headers</param>
        </member>
        <member name="M:CANAPE.Net.Protocols.Server.HttpServerResponseData.#ctor(System.Byte[])">
            <summary>
            Constructor from a body
            </summary>
            <param name="body">The body data</param>        
        </member>
        <member name="M:CANAPE.Net.Protocols.Server.HttpServerResponseData.#ctor(System.String,System.Collections.Generic.IDictionary{System.String,System.String})">
            <summary>
            Constructor from a binary string body
            </summary>
            <param name="body">The </param>
            <param name="headers">Dictionary of headers</param>
        </member>
        <member name="M:CANAPE.Net.Protocols.Server.HttpServerResponseData.#ctor(System.String)">
            <summary>
            Constructor from a binary string body
            </summary>
            <param name="body">The </param>
        </member>
    </members>
</doc>
